timestamp_ns,imb5,imb20,liq_slope,cancel_spike,spread_chg,aggr_ratio,vol_accel,trade_vel,mp_dev,ewma_vol,st_pressure
388956833441916,0.000000,0.000000,0.000000,0.000000,0.000000,0.500000,0.000000,8.000000,0.000000,0.000000,0.000000
388956884582458,0.000000,0.000000,0.000000,0.000000,0.000000,0.500000,0.000000,8.000000,0.000000,0.000000,0.000000
388956935659208,0.000000,0.000000,0.000000,0.000000,0.000000,0.500000,0.000000,138.000000,0.000000,0.000000,0.000000
388956986370458,0.000000,0.000000,0.000000,0.000000,0.000000,0.500000,0.000000,210.000000,0.000000,0.000000,0.000000
388957037440583,0.000000,0.000000,0.000000,0.000000,0.000000,0.500000,0.000000,212.000000,0.000000,0.000000,0.000000
388957088509458,0.000000,0.000000,0.000000,0.000000,0.000000,0.500000,0.000000,212.000000,0.000000,0.000000,0.000000
388957139425208,0.000000,0.000000,0.000000,0.000000,0.000000,0.500000,0.000000,216.000000,0.000000,0.000000,0.000000
388957190665250,0.000000,0.000000,0.000000,0.000000,0.000000,0.500000,0.000000,222.000000,0.000000,0.000000,0.000000
388957241360083,0.000000,0.000000,0.000000,0.000000,0.000000,0.500000,0.000000,222.000000,0.000000,0.000000,0.000000
388957291562000,0.000000,0.000000,0.000000,0.000000,0.000000,0.500000,0.000000,222.000000,0.000000,0.000000,0.000000
388957342248541,0.000000,0.000000,0.000000,0.000000,0.000000,0.500000,0.000000,220.000000,0.000000,0.000000,0.000000
388957393274666,0.000000,0.000000,0.000000,0.000000,0.000000,0.500000,0.000000,220.000000,0.000000,0.000000,0.000000
388957444298958,0.000000,0.000000,0.000000,0.000000,0.000000,0.500000,0.000000,110.000000,0.000000,0.000000,0.000000
388957494752291,0.000000,0.000000,0.000000,0.000000,0.000000,0.500000,0.000000,36.000000,0.000000,0.000000,0.000000
388957545784791,0.000000,0.000000,0.000000,0.000000,0.000000,0.500000,0.000000,36.000000,0.000000,0.000000,0.000000
388957596336416,0.000000,0.000000,0.000000,0.000000,0.000000,0.500000,0.000000,36.000000,0.000000,0.000000,0.000000
388957646665291,0.000000,0.000000,0.000000,0.000000,0.000000,0.500000,0.000000,28.000000,0.000000,0.000000,0.000000
388957697331625,0.000000,0.000000,0.000000,0.000000,0.000000,0.500000,0.000000,28.000000,0.000000,0.000000,0.000000
388957748356666,0.000000,0.000000,0.000000,0.000000,0.000000,0.500000,0.000000,28.000000,0.000000,0.000000,0.000000
388957798666583,0.000000,0.000000,0.000000,0.000000,0.000000,0.500000,0.000000,30.000000,0.000000,0.000000,0.000000
388957849712250,0.000000,0.000000,0.000000,0.000000,0.000000,0.500000,0.000000,26.000000,0.000000,0.000000,0.000000
388957900398208,0.000000,0.000000,0.000000,0.000000,0.000000,0.500000,0.000000,6.000000,0.000000,0.000000,0.000000
388957951275166,0.000000,0.000000,0.000000,0.000000,0.000000,0.500000,0.000000,14.000000,0.000000,0.000000,0.000000
388958002347625,0.000000,0.000000,0.000000,0.000000,0.000000,0.500000,0.000000,14.000000,0.000000,0.000000,0.000000
388958053415500,0.000000,0.000000,0.000000,0.000000,0.000000,0.500000,0.000000,14.000000,0.000000,0.000000,0.000000
388958104531875,0.000000,0.000000,0.000000,0.000000,0.000000,0.500000,0.000000,14.000000,0.000000,0.000000,0.000000
388958155621125,0.000000,0.000000,0.000000,0.000000,0.000000,0.500000,0.000000,12.000000,0.000000,0.000000,0.000000
388958205868041,0.000000,0.000000,0.000000,0.000000,0.000000,0.500000,0.000000,16.000000,0.000000,0.000000,0.000000
388958256913708,0.000000,0.000000,0.000000,0.000000,0.000000,0.500000,0.000000,18.000000,0.000000,0.000000,0.000000
388958307965125,0.000000,0.000000,0.000000,0.000000,0.000000,0.500000,0.000000,16.000000,0.000000,0.000000,0.000000
388958359004541,0.000000,0.000000,0.000000,0.000000,0.000000,0.500000,0.000000,14.000000,0.000000,0.000000,0.000000
388958410024208,0.000000,0.000000,0.000000,0.000000,0.000000,0.500000,0.000000,16.000000,0.000000,0.000000,0.000000
388958461073416,0.000000,0.000000,0.000000,0.000000,0.000000,0.500000,0.000000,8.000000,0.000000,0.000000,0.000000
388958512128416,0.000000,0.000000,0.000000,0.000000,0.000000,0.500000,0.000000,12.000000,0.000000,0.000000,0.000000
388958564164750,0.000000,0.000000,0.000000,0.000000,0.000000,0.500000,0.000000,12.000000,0.000000,0.000000,0.000000
388958615137500,0.000000,0.000000,0.000000,0.000000,0.000000,0.500000,0.000000,14.000000,0.000000,0.000000,0.000000
388958666173791,0.000000,0.000000,0.000000,0.000000,0.000000,0.500000,0.000000,16.000000,0.000000,0.000000,0.000000
388958716413375,0.000000,0.000000,0.000000,0.000000,0.000000,0.500000,0.000000,72.000000,0.000000,0.000000,0.000000
388958767469375,0.000000,0.000000,0.000000,0.000000,0.000000,0.500000,0.000000,98.000000,0.000000,0.000000,0.000000
388958818531625,0.000000,0.000000,0.000000,0.000000,0.000000,0.500000,0.000000,98.000000,0.000000,0.000000,0.000000
388958868741916,0.000000,0.000000,0.000000,0.000000,0.000000,0.500000,0.000000,108.000000,0.000000,0.000000,0.000000
388958919829958,0.000000,0.000000,0.000000,0.000000,0.000000,0.500000,0.000000,106.000000,0.000000,0.000000,0.000000
388958970913625,0.000000,0.000000,0.000000,0.000000,0.000000,0.500000,0.000000,144.000000,0.000000,0.000000,0.000000
388959021999458,0.000000,0.000000,0.000000,0.000000,0.000000,0.500000,0.000000,152.000000,0.000000,0.000000,0.000000
388959073070750,0.000000,0.000000,0.000000,0.000000,0.000000,0.500000,0.000000,160.000000,0.000000,0.000000,0.000000
388959124119833,0.000000,0.000000,0.000000,0.000000,0.000000,0.500000,0.000000,158.000000,0.000000,0.000000,0.000000
388959175143541,0.000000,0.000000,0.000000,0.000000,0.000000,0.500000,0.000000,148.000000,0.000000,0.000000,0.000000
388959225661708,0.000000,0.000000,0.000000,0.000000,0.000000,0.500000,0.000000,120.000000,0.000000,0.000000,0.000000
388959276081791,0.000000,0.000000,0.000000,0.000000,0.000000,0.500000,0.000000,100.000000,0.000000,0.000000,0.000000
388959327148083,0.000000,0.000000,0.000000,0.000000,0.000000,0.500000,0.000000,100.000000,0.000000,0.000000,0.000000
388959378232291,0.000000,0.000000,0.000000,0.000000,0.000000,0.500000,0.000000,90.000000,0.000000,0.000000,0.000000
388959429299625,0.000000,0.000000,0.000000,0.000000,0.000000,0.500000,0.000000,90.000000,0.000000,0.000000,0.000000
388959480356375,0.000000,0.000000,0.000000,0.000000,0.000000,0.500000,0.000000,50.000000,0.000000,0.000000,0.000000
388959530528875,0.000000,0.000000,0.000000,0.000000,0.000000,0.500000,0.000000,190.000000,0.000000,0.000000,0.000000
388959581342500,0.000000,0.000000,0.000000,0.000000,0.000000,0.500000,0.000000,248.000000,0.000000,0.000000,0.000000
388959632388791,0.000000,0.000000,0.000000,0.000000,0.000000,0.500000,0.000000,248.000000,0.000000,0.000000,0.000000
388959683430375,0.000000,0.000000,0.000000,0.000000,0.000000,0.500000,0.000000,392.000000,0.000000,0.000000,0.000000
388959734487333,0.000000,0.000000,0.000000,0.000000,0.000000,0.500000,0.000000,362.000000,0.000000,0.000000,0.000000
388959785536125,0.000000,0.000000,0.000000,0.000000,0.000000,0.500000,0.000000,360.000000,0.000000,0.000000,0.000000
388959836597083,0.000000,0.000000,0.000000,0.000000,0.000000,0.500000,0.000000,360.000000,0.000000,0.000000,0.000000
388959886843541,0.000000,0.000000,0.000000,0.000000,0.000000,0.500000,0.000000,360.000000,0.000000,0.000000,0.000000
388959937928375,0.000000,0.000000,0.000000,0.000000,0.000000,0.500000,0.000000,360.000000,0.000000,0.000000,0.000000
388959989003500,0.000000,0.000000,0.000000,0.000000,0.000000,0.500000,0.000000,284.000000,0.000000,0.000000,0.000000
388960039058708,0.000000,0.000000,0.000000,0.000000,0.000000,0.500000,0.000000,210.000000,0.000000,0.000000,0.000000
388960089218541,0.000000,0.000000,0.000000,0.000000,0.000000,0.500000,0.000000,144.000000,0.000000,0.000000,0.000000
388960140277583,0.000000,0.000000,0.000000,0.000000,0.000000,0.500000,0.000000,144.000000,0.000000,0.000000,0.000000
388960190492500,0.000000,0.000000,0.000000,0.000000,0.000000,0.500000,0.000000,0.000000,0.000000,0.000000,0.000000
388960241517500,0.000000,0.000000,0.000000,0.000000,0.000000,0.500000,0.000000,14.000000,0.000000,0.000000,0.000000
388960292568291,0.000000,0.000000,0.000000,0.000000,0.000000,0.500000,0.000000,14.000000,0.000000,0.000000,0.000000
388960343616916,0.000000,0.000000,0.000000,0.000000,0.000000,0.500000,0.000000,14.000000,0.000000,0.000000,0.000000
388960393932833,0.000000,0.000000,0.000000,0.000000,0.000000,0.500000,0.000000,16.000000,0.000000,0.000000,0.000000
388960444979083,0.000000,0.000000,0.000000,0.000000,0.000000,0.500000,0.000000,16.000000,0.000000,0.000000,0.000000
388960495704458,0.000000,0.000000,0.000000,0.000000,0.000000,0.500000,0.000000,20.000000,0.000000,0.000000,0.000000
388960546726916,0.000000,0.000000,0.000000,0.000000,0.000000,0.500000,0.000000,20.000000,0.000000,0.000000,0.000000
388960597159166,0.000000,0.000000,0.000000,0.000000,0.000000,0.500000,0.000000,20.000000,0.000000,0.000000,0.000000
388960648185416,0.000000,0.000000,0.000000,0.000000,0.000000,0.500000,0.000000,20.000000,0.000000,0.000000,0.000000
388960699153416,0.000000,0.000000,0.000000,0.000000,0.000000,0.500000,0.000000,20.000000,0.000000,0.000000,0.000000
388960749361166,0.000000,0.000000,0.000000,0.000000,0.000000,0.500000,0.000000,20.000000,0.000000,0.000000,0.000000
388960800490958,0.000000,0.000000,0.000000,0.000000,0.000000,0.500000,0.000000,26.000000,0.000000,0.000000,0.000000
388960851558583,0.000000,0.000000,0.000000,0.000000,0.000000,0.500000,0.000000,28.000000,0.000000,0.000000,0.000000
388960901658541,0.000000,0.000000,0.000000,0.000000,0.000000,0.500000,0.000000,26.000000,0.000000,0.000000,0.000000
388960951768958,0.000000,0.000000,0.000000,0.000000,0.000000,0.500000,0.000000,30.000000,0.000000,0.000000,0.000000
388961002838000,0.000000,0.000000,0.000000,0.000000,0.000000,0.500000,0.000000,30.000000,0.000000,0.000000,0.000000
388961053915625,0.000000,0.000000,0.000000,0.000000,0.000000,0.500000,0.000000,30.000000,0.000000,0.000000,0.000000
388961105516083,0.000000,0.000000,0.000000,0.000000,0.000000,0.500000,0.000000,32.000000,0.000000,0.000000,0.000000
388961155848125,0.000000,0.000000,0.000000,0.000000,0.000000,0.500000,0.000000,32.000000,0.000000,0.000000,0.000000
388961206918208,0.000000,0.000000,0.000000,0.000000,0.000000,0.500000,0.000000,30.000000,0.000000,0.000000,0.000000
388961257951583,0.000000,0.000000,0.000000,0.000000,0.000000,0.500000,0.000000,18.000000,0.000000,0.000000,0.000000
388961308992958,0.000000,0.000000,0.000000,0.000000,0.000000,0.500000,0.000000,14.000000,0.000000,0.000000,0.000000
388961359343125,0.000000,0.000000,0.000000,0.000000,0.000000,0.500000,0.000000,16.000000,0.000000,0.000000,0.000000
388961409449416,0.000000,0.000000,0.000000,0.000000,0.000000,0.500000,0.000000,16.000000,0.000000,0.000000,0.000000
388961460362666,0.000000,0.000000,0.000000,0.000000,0.000000,0.500000,0.000000,8.000000,0.000000,0.000000,0.000000
388961511404666,0.000000,0.000000,0.000000,0.000000,0.000000,0.500000,0.000000,8.000000,0.000000,0.000000,0.000000
388961562444791,0.000000,0.000000,0.000000,0.000000,0.000000,0.500000,0.000000,8.000000,0.000000,0.000000,0.000000
388961613494208,0.000000,0.000000,0.000000,0.000000,0.000000,0.500000,0.000000,6.000000,0.000000,0.000000,0.000000
388961664127958,0.000000,0.000000,0.000000,0.000000,0.000000,0.500000,0.000000,6.000000,0.000000,0.000000,0.000000
388961715187583,0.000000,0.000000,0.000000,0.000000,0.000000,0.500000,0.000000,6.000000,0.000000,0.000000,0.000000
388961766228541,0.000000,0.000000,0.000000,0.000000,0.000000,0.500000,0.000000,6.000000,0.000000,0.000000,0.000000
388961817293208,0.000000,0.000000,0.000000,0.000000,0.000000,0.500000,0.000000,4.000000,0.000000,0.000000,0.000000
388961867756291,0.000000,0.000000,0.000000,0.000000,0.000000,0.500000,0.000000,2.000000,0.000000,0.000000,0.000000
388961918139291,0.000000,0.000000,0.000000,0.000000,0.000000,0.500000,0.000000,2.000000,0.000000,0.000000,0.000000
388961969210916,0.000000,0.000000,0.000000,0.000000,0.000000,0.500000,0.000000,8.000000,0.000000,0.000000,0.000000
388962019319500,0.000000,0.000000,0.000000,0.000000,0.000000,0.500000,0.000000,8.000000,0.000000,0.000000,0.000000
388962070371583,0.000000,0.000000,0.000000,0.000000,0.000000,0.500000,0.000000,8.000000,0.000000,0.000000,0.000000
388962121018666,0.000000,0.000000,0.000000,0.000000,0.000000,0.500000,0.000000,12.000000,0.000000,0.000000,0.000000
388962171939208,0.000000,0.000000,0.000000,0.000000,0.000000,0.500000,0.000000,12.000000,0.000000,0.000000,0.000000
388962222992833,0.000000,0.000000,0.000000,0.000000,0.000000,0.500000,0.000000,12.000000,0.000000,0.000000,0.000000
388962274017833,0.000000,0.000000,0.000000,0.000000,0.000000,0.500000,0.000000,16.000000,0.000000,0.000000,0.000000
388962325062500,0.000000,0.000000,0.000000,0.000000,0.000000,0.500000,0.000000,14.000000,0.000000,0.000000,0.000000
388962375815458,0.000000,0.000000,0.000000,0.000000,0.000000,0.500000,0.000000,14.000000,0.000000,0.000000,0.000000
388962426892875,0.000000,0.000000,0.000000,0.000000,0.000000,0.500000,0.000000,12.000000,0.000000,0.000000,0.000000
388962478010583,0.000000,0.000000,0.000000,0.000000,0.000000,0.500000,0.000000,36.000000,0.000000,0.000000,0.000000
388962529039250,0.000000,0.000000,0.000000,0.000000,0.000000,0.500000,0.000000,36.000000,0.000000,0.000000,0.000000
388962580083666,0.000000,0.000000,0.000000,0.000000,0.000000,0.500000,0.000000,36.000000,0.000000,0.000000,0.000000
388962630332583,0.000000,0.000000,0.000000,0.000000,0.000000,0.500000,0.000000,54.000000,0.000000,0.000000,0.000000
388962680396375,0.000000,0.000000,0.000000,0.000000,0.000000,0.500000,0.000000,556.000000,0.000000,0.000000,0.000000
388962731452916,0.000000,0.000000,0.000000,0.000000,0.000000,0.500000,0.000000,572.000000,0.000000,0.000000,0.000000
388962782518666,0.000000,0.000000,0.000000,0.000000,0.000000,0.500000,0.000000,572.000000,0.000000,0.000000,0.000000
388962832568375,0.000000,0.000000,0.000000,0.000000,0.000000,0.500000,0.000000,622.000000,0.000000,0.000000,0.000000
388962883355750,0.000000,0.000000,0.000000,0.000000,0.000000,0.500000,0.000000,638.000000,0.000000,0.000000,0.000000
388962934412666,0.000000,0.000000,0.000000,0.000000,0.000000,0.500000,0.000000,638.000000,0.000000,0.000000,0.000000
388962985235083,0.000000,0.000000,0.000000,0.000000,0.000000,0.500000,0.000000,614.000000,0.000000,0.000000,0.000000
388963035559666,0.000000,0.000000,0.000000,0.000000,0.000000,0.500000,0.000000,620.000000,0.000000,0.000000,0.000000
388963086616375,0.000000,0.000000,0.000000,0.000000,0.000000,0.500000,0.000000,614.000000,0.000000,0.000000,0.000000
388963136879125,0.000000,0.000000,0.000000,0.000000,0.000000,0.500000,0.000000,672.000000,0.000000,0.000000,0.000000
388963187953083,0.000000,0.000000,0.000000,0.000000,0.000000,0.500000,0.000000,162.000000,0.000000,0.000000,0.000000
388963239014625,0.000000,0.000000,0.000000,0.000000,0.000000,0.500000,0.000000,158.000000,0.000000,0.000000,0.000000
388963289076750,0.000000,0.000000,0.000000,0.000000,0.000000,0.500000,0.000000,156.000000,0.000000,0.000000,0.000000
388963339160041,0.000000,0.000000,0.000000,0.000000,0.000000,0.500000,0.000000,92.000000,0.000000,0.000000,0.000000
388963390219958,0.000000,0.000000,0.000000,0.000000,0.000000,0.500000,0.000000,90.000000,0.000000,0.000000,0.000000
388963441271375,0.000000,0.000000,0.000000,0.000000,0.000000,0.500000,0.000000,86.000000,0.000000,0.000000,0.000000
388963491313375,0.000000,0.000000,0.000000,0.000000,0.000000,0.500000,0.000000,86.000000,0.000000,0.000000,0.000000
388963541504291,0.000000,0.000000,0.000000,0.000000,0.000000,0.500000,0.000000,78.000000,0.000000,0.000000,0.000000
388963592537083,0.000000,0.000000,0.000000,0.000000,0.000000,0.500000,0.000000,78.000000,0.000000,0.000000,0.000000
388963643565791,0.000000,0.000000,0.000000,0.000000,0.000000,0.500000,0.000000,6.000000,0.000000,0.000000,0.000000
388963693743416,0.000000,0.000000,0.000000,0.000000,0.000000,0.500000,0.000000,2.000000,0.000000,0.000000,0.000000
388963744763791,0.000000,0.000000,0.000000,0.000000,0.000000,0.500000,0.000000,0.000000,0.000000,0.000000,0.000000
388963795242666,0.000000,0.000000,0.000000,0.000000,0.000000,0.500000,0.000000,0.000000,0.000000,0.000000,0.000000
388963846261416,0.000000,0.000000,0.000000,0.000000,0.000000,0.500000,0.000000,0.000000,0.000000,0.000000,0.000000
388963897033083,0.000000,0.000000,0.000000,0.000000,0.000000,0.500000,0.000000,0.000000,0.000000,0.000000,0.000000
388963947923291,0.000000,0.000000,0.000000,0.000000,0.000000,0.500000,0.000000,0.000000,0.000000,0.000000,0.000000
388963998660583,0.000000,0.000000,0.000000,0.000000,0.000000,0.500000,0.000000,30.000000,0.000000,0.000000,0.000000
388964049749791,0.000000,0.000000,0.000000,0.000000,0.000000,0.500000,0.000000,30.000000,0.000000,0.000000,0.000000
388964100796416,0.000000,0.000000,0.000000,0.000000,0.000000,0.500000,0.000000,62.000000,0.000000,0.000000,0.000000
388964150851625,0.000000,0.000000,0.000000,0.000000,0.000000,0.500000,0.000000,410.000000,0.000000,0.000000,0.000000
388964200986791,0.000000,0.000000,0.000000,0.000000,0.000000,0.500000,0.000000,422.000000,0.000000,0.000000,0.000000
388964251645291,0.000000,0.000000,0.000000,0.000000,0.000000,0.500000,0.000000,424.000000,0.000000,0.000000,0.000000
388964302700958,0.000000,0.000000,0.000000,0.000000,0.000000,0.500000,0.000000,424.000000,0.000000,0.000000,0.000000
388964353329541,0.000000,0.000000,0.000000,0.000000,0.000000,0.500000,0.000000,448.000000,0.000000,0.000000,0.000000
388964404391708,0.000000,0.000000,0.000000,0.000000,0.000000,0.500000,0.000000,448.000000,0.000000,0.000000,0.000000
388964454749958,0.000000,0.000000,0.000000,0.000000,0.000000,0.500000,0.000000,452.000000,0.000000,0.000000,0.000000
388964505813041,0.000000,0.000000,0.000000,0.000000,0.000000,0.500000,0.000000,422.000000,0.000000,0.000000,0.000000
388964556145666,0.000000,0.000000,0.000000,0.000000,0.000000,0.500000,0.000000,414.000000,0.000000,0.000000,0.000000
388964606774958,0.000000,0.000000,0.000000,0.000000,0.000000,0.500000,0.000000,488.000000,0.000000,0.000000,0.000000
388964656975833,0.000000,0.000000,0.000000,0.000000,0.000000,0.500000,0.000000,142.000000,0.000000,0.000000,0.000000
388964708010875,0.000000,0.000000,0.000000,0.000000,0.000000,0.500000,0.000000,134.000000,0.000000,0.000000,0.000000
388964758217833,0.000000,0.000000,0.000000,0.000000,0.000000,0.500000,0.000000,134.000000,0.000000,0.000000,0.000000
388964809251791,0.000000,0.000000,0.000000,0.000000,0.000000,0.500000,0.000000,134.000000,0.000000,0.000000,0.000000
388964860308333,0.000000,0.000000,0.000000,0.000000,0.000000,0.500000,0.000000,110.000000,0.000000,0.000000,0.000000
388964910354333,0.000000,0.000000,0.000000,0.000000,0.000000,0.500000,0.000000,110.000000,0.000000,0.000000,0.000000
388964961388708,0.000000,0.000000,0.000000,0.000000,0.000000,0.500000,0.000000,106.000000,0.000000,0.000000,0.000000
388965012432416,0.000000,0.000000,0.000000,0.000000,0.000000,0.500000,0.000000,108.000000,0.000000,0.000000,0.000000
388965063500666,0.000000,0.000000,0.000000,0.000000,0.000000,0.500000,0.000000,62.000000,0.000000,0.000000,0.000000
388965113995166,0.000000,0.000000,0.000000,0.000000,0.000000,0.500000,0.000000,6.000000,0.000000,0.000000,0.000000
388965165073708,0.000000,0.000000,0.000000,0.000000,0.000000,0.500000,0.000000,4.000000,0.000000,0.000000,0.000000
388965216154916,0.000000,0.000000,0.000000,0.000000,0.000000,0.500000,0.000000,4.000000,0.000000,0.000000,0.000000
388965267234416,0.000000,0.000000,0.000000,0.000000,0.000000,0.500000,0.000000,2.000000,0.000000,0.000000,0.000000
388965318344791,0.000000,0.000000,0.000000,0.000000,0.000000,0.500000,0.000000,2.000000,0.000000,0.000000,0.000000
388965369479416,0.000000,0.000000,0.000000,0.000000,0.000000,0.500000,0.000000,42.000000,0.000000,0.000000,0.000000
388965420537583,0.000000,0.000000,0.000000,0.000000,0.000000,0.500000,0.000000,76.000000,0.000000,0.000000,0.000000
388965470932416,0.000000,0.000000,0.000000,0.000000,0.000000,0.500000,0.000000,78.000000,0.000000,0.000000,0.000000
388965521428125,0.000000,0.000000,0.000000,0.000000,0.000000,0.500000,0.000000,78.000000,0.000000,0.000000,0.000000
388965572591041,0.000000,0.000000,0.000000,0.000000,0.000000,0.500000,0.000000,78.000000,0.000000,0.000000,0.000000
388965623617416,0.000000,0.000000,0.000000,0.000000,0.000000,0.500000,0.000000,78.000000,0.000000,0.000000,0.000000
388965673963833,0.000000,0.000000,0.000000,0.000000,0.000000,0.500000,0.000000,78.000000,0.000000,0.000000,0.000000
388965724992583,0.000000,0.000000,0.000000,0.000000,0.000000,0.500000,0.000000,82.000000,0.000000,0.000000,0.000000
388965775140708,0.000000,0.000000,0.000000,0.000000,0.000000,0.500000,0.000000,106.000000,0.000000,0.000000,0.000000
388965825166833,0.000000,0.000000,0.000000,0.000000,0.000000,0.500000,0.000000,108.000000,0.000000,0.000000,0.000000
388965875239708,0.000000,0.000000,0.000000,0.000000,0.000000,0.500000,0.000000,56.000000,0.000000,0.000000,0.000000
388965926275333,0.000000,0.000000,0.000000,0.000000,0.000000,0.500000,0.000000,34.000000,0.000000,0.000000,0.000000
388965977303541,0.000000,0.000000,0.000000,0.000000,0.000000,0.500000,0.000000,30.000000,0.000000,0.000000,0.000000
388966028327375,0.000000,0.000000,0.000000,0.000000,0.000000,0.500000,0.000000,30.000000,0.000000,0.000000,0.000000
388966078439541,0.000000,0.000000,0.000000,0.000000,0.000000,0.500000,0.000000,30.000000,0.000000,0.000000,0.000000
388966129508000,0.000000,0.000000,0.000000,0.000000,0.000000,0.500000,0.000000,30.000000,0.000000,0.000000,0.000000
388966180568291,0.000000,0.000000,0.000000,0.000000,0.000000,0.500000,0.000000,30.000000,0.000000,0.000000,0.000000
388966231255625,0.000000,0.000000,0.000000,0.000000,0.000000,0.500000,0.000000,26.000000,0.000000,0.000000,0.000000
388966281737458,0.000000,0.000000,0.000000,0.000000,0.000000,0.500000,0.000000,2.000000,0.000000,0.000000,0.000000
388966332805750,0.000000,0.000000,0.000000,0.000000,0.000000,0.500000,0.000000,30.000000,0.000000,0.000000,0.000000
388966383720958,0.000000,0.000000,0.000000,0.000000,0.000000,0.500000,0.000000,30.000000,0.000000,0.000000,0.000000
388966434777750,0.000000,0.000000,0.000000,0.000000,0.000000,0.500000,0.000000,30.000000,0.000000,0.000000,0.000000
388966485852416,0.000000,0.000000,0.000000,0.000000,0.000000,0.500000,0.000000,30.000000,0.000000,0.000000,0.000000
388966536908791,0.000000,0.000000,0.000000,0.000000,0.000000,0.500000,0.000000,30.000000,0.000000,0.000000,0.000000
388966587399916,0.000000,0.000000,0.000000,0.000000,0.000000,0.500000,0.000000,30.000000,0.000000,0.000000,0.000000
388966638450125,0.000000,0.000000,0.000000,0.000000,0.000000,0.500000,0.000000,30.000000,0.000000,0.000000,0.000000
388966688782375,0.000000,0.000000,0.000000,0.000000,0.000000,0.500000,0.000000,30.000000,0.000000,0.000000,0.000000
388966739132666,0.000000,0.000000,0.000000,0.000000,0.000000,0.500000,0.000000,36.000000,0.000000,0.000000,0.000000
388966789168416,0.000000,0.000000,0.000000,0.000000,0.000000,0.500000,0.000000,36.000000,0.000000,0.000000,0.000000
388966840201791,0.000000,0.000000,0.000000,0.000000,0.000000,0.500000,0.000000,28.000000,0.000000,0.000000,0.000000
388966890397875,0.000000,0.000000,0.000000,0.000000,0.000000,0.500000,0.000000,28.000000,0.000000,0.000000,0.000000
388966941431583,0.000000,0.000000,0.000000,0.000000,0.000000,0.500000,0.000000,28.000000,0.000000,0.000000,0.000000
388966991747041,0.000000,0.000000,0.000000,0.000000,0.000000,0.500000,0.000000,28.000000,0.000000,0.000000,0.000000
388967042783958,0.000000,0.000000,0.000000,0.000000,0.000000,0.500000,0.000000,28.000000,0.000000,0.000000,0.000000
388967093251041,0.000000,0.000000,0.000000,0.000000,0.000000,0.500000,0.000000,28.000000,0.000000,0.000000,0.000000
388967144282708,0.000000,0.000000,0.000000,0.000000,0.000000,0.500000,0.000000,28.000000,0.000000,0.000000,0.000000
388967194878208,0.000000,0.000000,0.000000,0.000000,0.000000,0.500000,0.000000,28.000000,0.000000,0.000000,0.000000
388967245929083,0.000000,0.000000,0.000000,0.000000,0.000000,0.500000,0.000000,22.000000,0.000000,0.000000,0.000000
388967296930083,0.000000,0.000000,0.000000,0.000000,0.000000,0.500000,0.000000,0.000000,0.000000,0.000000,0.000000
388967346991250,0.000000,0.000000,0.000000,0.000000,0.000000,0.500000,0.000000,0.000000,0.000000,0.000000,0.000000
388967398038458,0.000000,0.000000,0.000000,0.000000,0.000000,0.500000,0.000000,0.000000,0.000000,0.000000,0.000000
388967449092291,0.000000,0.000000,0.000000,0.000000,0.000000,0.500000,0.000000,0.000000,0.000000,0.000000,0.000000
388967500143916,0.000000,0.000000,0.000000,0.000000,0.000000,0.500000,0.000000,0.000000,0.000000,0.000000,0.000000
388967551209208,0.000000,0.000000,0.000000,0.000000,0.000000,0.500000,0.000000,0.000000,0.000000,0.000000,0.000000
388967602251708,0.000000,0.000000,0.000000,0.000000,0.000000,0.500000,0.000000,0.000000,0.000000,0.000000,0.000000
388967653303416,0.000000,0.000000,0.000000,0.000000,0.000000,0.500000,0.000000,0.000000,0.000000,0.000000,0.000000
388967704347416,0.000000,0.000000,0.000000,0.000000,0.000000,0.500000,0.000000,0.000000,0.000000,0.000000,0.000000
388967755387083,0.000000,0.000000,0.000000,0.000000,0.000000,0.500000,0.000000,0.000000,0.000000,0.000000,0.000000
388967806442750,0.000000,0.000000,0.000000,0.000000,0.000000,0.500000,0.000000,4.000000,0.000000,0.000000,0.000000
388967857487916,0.000000,0.000000,0.000000,0.000000,0.000000,0.500000,0.000000,18.000000,0.000000,0.000000,0.000000
388967908527625,0.000000,0.000000,0.000000,0.000000,0.000000,0.500000,0.000000,18.000000,0.000000,0.000000,0.000000
388967959577291,0.000000,0.000000,0.000000,0.000000,0.000000,0.500000,0.000000,40.000000,0.000000,0.000000,0.000000
388968010341750,0.000000,0.000000,0.000000,0.000000,0.000000,0.500000,0.000000,44.000000,0.000000,0.000000,0.000000
388968060439125,0.000000,0.000000,0.000000,0.000000,0.000000,0.500000,0.000000,48.000000,0.000000,0.000000,0.000000
388968111489208,0.000000,0.000000,0.000000,0.000000,0.000000,0.500000,0.000000,56.000000,0.000000,0.000000,0.000000
388968162554041,0.000000,0.000000,0.000000,0.000000,0.000000,0.500000,0.000000,56.000000,0.000000,0.000000,0.000000
388968213615291,0.000000,0.000000,0.000000,0.000000,0.000000,0.500000,0.000000,60.000000,0.000000,0.000000,0.000000
388968264162083,0.000000,0.000000,0.000000,0.000000,0.000000,0.500000,0.000000,60.000000,0.000000,0.000000,0.000000
388968314227916,0.000000,0.000000,0.000000,0.000000,0.000000,0.500000,0.000000,58.000000,0.000000,0.000000,0.000000
388968365287166,0.000000,0.000000,0.000000,0.000000,0.000000,0.500000,0.000000,46.000000,0.000000,0.000000,0.000000
388968416339000,0.000000,0.000000,0.000000,0.000000,0.000000,0.500000,0.000000,46.000000,0.000000,0.000000,0.000000
388968466536083,0.000000,0.000000,0.000000,0.000000,0.000000,0.500000,0.000000,24.000000,0.000000,0.000000,0.000000
388968517591833,0.000000,0.000000,0.000000,0.000000,0.000000,0.500000,0.000000,22.000000,0.000000,0.000000,0.000000
388968567636250,0.000000,0.000000,0.000000,0.000000,0.000000,0.500000,0.000000,16.000000,0.000000,0.000000,0.000000
388968618679000,0.000000,0.000000,0.000000,0.000000,0.000000,0.500000,0.000000,26.000000,0.000000,0.000000,0.000000
388968668951458,0.000000,0.000000,0.000000,0.000000,0.000000,0.500000,0.000000,26.000000,0.000000,0.000000,0.000000
388968719990541,0.000000,0.000000,0.000000,0.000000,0.000000,0.500000,0.000000,24.000000,0.000000,0.000000,0.000000
388968771032500,0.000000,0.000000,0.000000,0.000000,0.000000,0.500000,0.000000,24.000000,0.000000,0.000000,0.000000
388968822056125,0.000000,0.000000,0.000000,0.000000,0.000000,0.500000,0.000000,20.000000,0.000000,0.000000,0.000000
388968873092791,0.000000,0.000000,0.000000,0.000000,0.000000,0.500000,0.000000,20.000000,0.000000,0.000000,0.000000
388968924126833,0.000000,0.000000,0.000000,0.000000,0.000000,0.500000,0.000000,22.000000,0.000000,0.000000,0.000000
388968975148791,0.000000,0.000000,0.000000,0.000000,0.000000,0.500000,0.000000,22.000000,0.000000,0.000000,0.000000
388969026170250,0.000000,0.000000,0.000000,0.000000,0.000000,0.500000,0.000000,20.000000,0.000000,0.000000,0.000000
388969077199583,0.000000,0.000000,0.000000,0.000000,0.000000,0.500000,0.000000,18.000000,0.000000,0.000000,0.000000
388969128236458,0.000000,0.000000,0.000000,0.000000,0.000000,0.500000,0.000000,4.000000,0.000000,0.000000,0.000000
388969179284208,0.000000,0.000000,0.000000,0.000000,0.000000,0.500000,0.000000,2.000000,0.000000,0.000000,0.000000
388969229994000,0.000000,0.000000,0.000000,0.000000,0.000000,0.500000,0.000000,16.000000,0.000000,0.000000,0.000000
388969280875500,0.000000,0.000000,0.000000,0.000000,0.000000,0.500000,0.000000,26.000000,0.000000,0.000000,0.000000
388969331906041,0.000000,0.000000,0.000000,0.000000,0.000000,0.500000,0.000000,26.000000,0.000000,0.000000,0.000000
388969382032416,0.000000,0.000000,0.000000,0.000000,0.000000,0.500000,0.000000,28.000000,0.000000,0.000000,0.000000
388969433100833,0.000000,0.000000,0.000000,0.000000,0.000000,0.500000,0.000000,26.000000,0.000000,0.000000,0.000000
388969484143750,0.000000,0.000000,0.000000,0.000000,0.000000,0.500000,0.000000,26.000000,0.000000,0.000000,0.000000
388969534630500,0.000000,0.000000,0.000000,0.000000,0.000000,0.500000,0.000000,28.000000,0.000000,0.000000,0.000000
388969585250583,0.000000,0.000000,0.000000,0.000000,0.000000,0.500000,0.000000,28.000000,0.000000,0.000000,0.000000
388969636304416,0.000000,0.000000,0.000000,0.000000,0.000000,0.500000,0.000000,28.000000,0.000000,0.000000,0.000000
388969686826750,0.000000,0.000000,0.000000,0.000000,0.000000,0.500000,0.000000,28.000000,0.000000,0.000000,0.000000
388969737867916,0.000000,0.000000,0.000000,0.000000,0.000000,0.500000,0.000000,22.000000,0.000000,0.000000,0.000000
388969787955666,0.000000,0.000000,0.000000,0.000000,0.000000,0.500000,0.000000,18.000000,0.000000,0.000000,0.000000
388969839002375,0.000000,0.000000,0.000000,0.000000,0.000000,0.500000,0.000000,18.000000,0.000000,0.000000,0.000000
388969889097750,0.000000,0.000000,0.000000,0.000000,0.000000,0.500000,0.000000,24.000000,0.000000,0.000000,0.000000
388969940175583,0.000000,0.000000,0.000000,0.000000,0.000000,0.500000,0.000000,24.000000,0.000000,0.000000,0.000000
388969990512666,0.000000,0.000000,0.000000,0.000000,0.000000,0.500000,0.000000,24.000000,0.000000,0.000000,0.000000
388970041574208,0.000000,0.000000,0.000000,0.000000,0.000000,0.500000,0.000000,22.000000,0.000000,0.000000,0.000000
388970091692458,0.000000,0.000000,0.000000,0.000000,0.000000,0.500000,0.000000,22.000000,0.000000,0.000000,0.000000
388970142719750,0.000000,0.000000,0.000000,0.000000,0.000000,0.500000,0.000000,22.000000,0.000000,0.000000,0.000000
388970192886125,0.000000,0.000000,0.000000,0.000000,0.000000,0.500000,0.000000,22.000000,0.000000,0.000000,0.000000
388970243909041,0.000000,0.000000,0.000000,0.000000,0.000000,0.500000,0.000000,10.000000,0.000000,0.000000,0.000000
388970294289041,0.000000,0.000000,0.000000,0.000000,0.000000,0.500000,0.000000,8.000000,0.000000,0.000000,0.000000
388970345327750,0.000000,0.000000,0.000000,0.000000,0.000000,0.500000,0.000000,8.000000,0.000000,0.000000,0.000000
388970396181041,0.000000,0.000000,0.000000,0.000000,0.000000,0.500000,0.000000,0.000000,0.000000,0.000000,0.000000
388970446989291,0.000000,0.000000,0.000000,0.000000,0.000000,0.500000,0.000000,0.000000,0.000000,0.000000,0.000000
388970497821208,0.000000,0.000000,0.000000,0.000000,0.000000,0.500000,0.000000,0.000000,0.000000,0.000000,0.000000
388970548856791,0.000000,0.000000,0.000000,0.000000,0.000000,0.500000,0.000000,0.000000,0.000000,0.000000,0.000000
388970599894791,0.000000,0.000000,0.000000,0.000000,0.000000,0.500000,0.000000,0.000000,0.000000,0.000000,0.000000
388970650936791,0.000000,0.000000,0.000000,0.000000,0.000000,0.500000,0.000000,0.000000,0.000000,0.000000,0.000000
388970701956041,0.000000,0.000000,0.000000,0.000000,0.000000,0.500000,0.000000,0.000000,0.000000,0.000000,0.000000
388970752987125,0.000000,0.000000,0.000000,0.000000,0.000000,0.500000,0.000000,0.000000,0.000000,0.000000,0.000000
388970804019666,0.000000,0.000000,0.000000,0.000000,0.000000,0.500000,0.000000,14.000000,0.000000,0.000000,0.000000
388970855094833,0.000000,0.000000,0.000000,0.000000,0.000000,0.500000,0.000000,14.000000,0.000000,0.000000,0.000000
388970905413416,0.000000,0.000000,0.000000,0.000000,0.000000,0.500000,0.000000,32.000000,0.000000,0.000000,0.000000
388970956526458,0.000000,0.000000,0.000000,0.000000,0.000000,0.500000,0.000000,32.000000,0.000000,0.000000,0.000000
388971007548333,0.000000,0.000000,0.000000,0.000000,0.000000,0.500000,0.000000,34.000000,0.000000,0.000000,0.000000
388971057676291,0.000000,0.000000,0.000000,0.000000,0.000000,0.500000,0.000000,38.000000,0.000000,0.000000,0.000000
388971108698708,0.000000,0.000000,0.000000,0.000000,0.000000,0.500000,0.000000,38.000000,0.000000,0.000000,0.000000
388971158830000,0.000000,0.000000,0.000000,0.000000,0.000000,0.500000,0.000000,60.000000,0.000000,0.000000,0.000000
388971209182333,0.000000,0.000000,0.000000,0.000000,0.000000,0.500000,0.000000,98.000000,0.000000,0.000000,0.000000
388971259398500,0.000000,0.000000,0.000000,0.000000,0.000000,0.500000,0.000000,102.000000,0.000000,0.000000,0.000000
388971309926041,0.000000,0.000000,0.000000,0.000000,0.000000,0.500000,0.000000,102.000000,0.000000,0.000000,0.000000
388971360951208,0.000000,0.000000,0.000000,0.000000,0.000000,0.500000,0.000000,84.000000,0.000000,0.000000,0.000000
388971411974583,0.000000,0.000000,0.000000,0.000000,0.000000,0.500000,0.000000,88.000000,0.000000,0.000000,0.000000
388971462505625,0.000000,0.000000,0.000000,0.000000,0.000000,0.500000,0.000000,94.000000,0.000000,0.000000,0.000000
388971513572791,0.000000,0.000000,0.000000,0.000000,0.000000,0.500000,0.000000,102.000000,0.000000,0.000000,0.000000
388971564633458,0.000000,0.000000,0.000000,0.000000,0.000000,0.500000,0.000000,98.000000,0.000000,0.000000,0.000000
388971615692125,0.000000,0.000000,0.000000,0.000000,0.000000,0.500000,0.000000,98.000000,0.000000,0.000000,0.000000
388971666733583,0.000000,0.000000,0.000000,0.000000,0.000000,0.500000,0.000000,94.000000,0.000000,0.000000,0.000000
388971717764250,0.000000,0.000000,0.000000,0.000000,0.000000,0.500000,0.000000,56.000000,0.000000,0.000000,0.000000
388971768812000,0.000000,0.000000,0.000000,0.000000,0.000000,0.500000,0.000000,42.000000,0.000000,0.000000,0.000000
388971819900291,0.000000,0.000000,0.000000,0.000000,0.000000,0.500000,0.000000,64.000000,0.000000,0.000000,0.000000
388971870065875,0.000000,0.000000,0.000000,0.000000,0.000000,0.500000,0.000000,104.000000,0.000000,0.000000,0.000000
388971921111458,0.000000,0.000000,0.000000,0.000000,0.000000,0.500000,0.000000,162.000000,0.000000,0.000000,0.000000
388971972163833,0.000000,0.000000,0.000000,0.000000,0.000000,0.500000,0.000000,156.000000,0.000000,0.000000,0.000000
388972023211958,0.000000,0.000000,0.000000,0.000000,0.000000,0.500000,0.000000,148.000000,0.000000,0.000000,0.000000
388972074123625,0.000000,0.000000,0.000000,0.000000,0.000000,0.500000,0.000000,154.000000,0.000000,0.000000,0.000000
388972125300750,0.000000,0.000000,0.000000,0.000000,0.000000,0.500000,0.000000,154.000000,0.000000,0.000000,0.000000
388972176352416,0.000000,0.000000,0.000000,0.000000,0.000000,0.500000,0.000000,132.000000,0.000000,0.000000,0.000000
388972227083708,0.000000,0.000000,0.000000,0.000000,0.000000,0.500000,0.000000,134.000000,0.000000,0.000000,0.000000
388972277730708,0.000000,0.000000,0.000000,0.000000,0.000000,0.500000,0.000000,134.000000,0.000000,0.000000,0.000000
388972328787750,0.000000,0.000000,0.000000,0.000000,0.000000,0.500000,0.000000,118.000000,0.000000,0.000000,0.000000
388972379831375,0.000000,0.000000,0.000000,0.000000,0.000000,0.500000,0.000000,52.000000,0.000000,0.000000,0.000000
388972430150083,0.000000,0.000000,0.000000,0.000000,0.000000,0.500000,0.000000,18.000000,0.000000,0.000000,0.000000
388972480415791,0.000000,0.000000,0.000000,0.000000,0.000000,0.500000,0.000000,16.000000,0.000000,0.000000,0.000000
388972531468416,0.000000,0.000000,0.000000,0.000000,0.000000,0.500000,0.000000,16.000000,0.000000,0.000000,0.000000
388972582532583,0.000000,0.000000,0.000000,0.000000,0.000000,0.500000,0.000000,22.000000,0.000000,0.000000,0.000000
388972633593625,0.000000,0.000000,0.000000,0.000000,0.000000,0.500000,0.000000,22.000000,0.000000,0.000000,0.000000
388972684644875,0.000000,0.000000,0.000000,0.000000,0.000000,0.500000,0.000000,26.000000,0.000000,0.000000,0.000000
388972736676416,0.000000,0.000000,0.000000,0.000000,0.000000,0.500000,0.000000,24.000000,0.000000,0.000000,0.000000
388972787650875,0.000000,0.000000,0.000000,0.000000,0.000000,0.500000,0.000000,20.000000,0.000000,0.000000,0.000000
388972837710250,0.000000,0.000000,0.000000,0.000000,0.000000,0.500000,0.000000,32.000000,0.000000,0.000000,0.000000
388972887858458,0.000000,0.000000,0.000000,0.000000,0.000000,0.500000,0.000000,32.000000,0.000000,0.000000,0.000000
388972938915333,0.000000,0.000000,0.000000,0.000000,0.000000,0.500000,0.000000,30.000000,0.000000,0.000000,0.000000
388972990168583,0.000000,0.000000,0.000000,0.000000,0.000000,0.500000,0.000000,30.000000,0.000000,0.000000,0.000000
388973041272250,0.000000,0.000000,0.000000,0.000000,0.000000,0.500000,0.000000,30.000000,0.000000,0.000000,0.000000
388973091620958,0.000000,0.000000,0.000000,0.000000,0.000000,0.500000,0.000000,18.000000,0.000000,0.000000,0.000000
388973142674458,0.000000,0.000000,0.000000,0.000000,0.000000,0.500000,0.000000,18.000000,0.000000,0.000000,0.000000
388973193314208,0.000000,0.000000,0.000000,0.000000,0.000000,0.500000,0.000000,16.000000,0.000000,0.000000,0.000000
388973244361041,0.000000,0.000000,0.000000,0.000000,0.000000,0.500000,0.000000,16.000000,0.000000,0.000000,0.000000
388973294672250,0.000000,0.000000,0.000000,0.000000,0.000000,0.500000,0.000000,18.000000,0.000000,0.000000,0.000000
388973345016500,0.000000,0.000000,0.000000,0.000000,0.000000,0.500000,0.000000,14.000000,0.000000,0.000000,0.000000
388973395611833,0.000000,0.000000,0.000000,0.000000,0.000000,0.500000,0.000000,20.000000,0.000000,0.000000,0.000000
388973445890500,0.000000,0.000000,0.000000,0.000000,0.000000,0.500000,0.000000,22.000000,0.000000,0.000000,0.000000
388973496543125,0.000000,0.000000,0.000000,0.000000,0.000000,0.500000,0.000000,22.000000,0.000000,0.000000,0.000000
388973547236666,0.000000,0.000000,0.000000,0.000000,0.000000,0.500000,0.000000,22.000000,0.000000,0.000000,0.000000
388973598059416,0.000000,0.000000,0.000000,0.000000,0.000000,0.500000,0.000000,22.000000,0.000000,0.000000,0.000000
388973649119333,0.000000,0.000000,0.000000,0.000000,0.000000,0.500000,0.000000,22.000000,0.000000,0.000000,0.000000
388973700195333,0.000000,0.000000,0.000000,0.000000,0.000000,0.500000,0.000000,20.000000,0.000000,0.000000,0.000000
388973751284666,0.000000,0.000000,0.000000,0.000000,0.000000,0.500000,0.000000,20.000000,0.000000,0.000000,0.000000
388973801625666,0.000000,0.000000,0.000000,0.000000,0.000000,0.500000,0.000000,36.000000,0.000000,0.000000,0.000000
388973852678166,0.000000,0.000000,0.000000,0.000000,0.000000,0.500000,0.000000,20.000000,0.000000,0.000000,0.000000
388973903649333,0.000000,0.000000,0.000000,0.000000,0.000000,0.500000,0.000000,20.000000,0.000000,0.000000,0.000000
388973954726541,0.000000,0.000000,0.000000,0.000000,0.000000,0.500000,0.000000,18.000000,0.000000,0.000000,0.000000
388974004812583,0.000000,0.000000,0.000000,0.000000,0.000000,0.500000,0.000000,18.000000,0.000000,0.000000,0.000000
388974055889125,0.000000,0.000000,0.000000,0.000000,0.000000,0.500000,0.000000,18.000000,0.000000,0.000000,0.000000
388974106962208,0.000000,0.000000,0.000000,0.000000,0.000000,0.500000,0.000000,20.000000,0.000000,0.000000,0.000000
388974158067125,0.000000,0.000000,0.000000,0.000000,0.000000,0.500000,0.000000,20.000000,0.000000,0.000000,0.000000
388974209124666,0.000000,0.000000,0.000000,0.000000,0.000000,0.500000,0.000000,20.000000,0.000000,0.000000,0.000000
388974260166666,0.000000,0.000000,0.000000,0.000000,0.000000,0.500000,0.000000,68.000000,0.000000,0.000000,0.000000
388974311209625,0.000000,0.000000,0.000000,0.000000,0.000000,0.500000,0.000000,66.000000,0.000000,0.000000,0.000000
388974362261916,0.000000,0.000000,0.000000,0.000000,0.000000,0.500000,0.000000,66.000000,0.000000,0.000000,0.000000
388974413323250,0.000000,0.000000,0.000000,0.000000,0.000000,0.500000,0.000000,66.000000,0.000000,0.000000,0.000000
388974464371958,0.000000,0.000000,0.000000,0.000000,0.000000,0.500000,0.000000,66.000000,0.000000,0.000000,0.000000
388974515422250,0.000000,0.000000,0.000000,0.000000,0.000000,0.500000,0.000000,66.000000,0.000000,0.000000,0.000000
388974566481125,0.000000,0.000000,0.000000,0.000000,0.000000,0.500000,0.000000,66.000000,0.000000,0.000000,0.000000
388974617579708,0.000000,0.000000,0.000000,0.000000,0.000000,0.500000,0.000000,64.000000,0.000000,0.000000,0.000000
388974668633125,0.000000,0.000000,0.000000,0.000000,0.000000,0.500000,0.000000,80.000000,0.000000,0.000000,0.000000
388974719699916,0.000000,0.000000,0.000000,0.000000,0.000000,0.500000,0.000000,86.000000,0.000000,0.000000,0.000000
388974770768666,0.000000,0.000000,0.000000,0.000000,0.000000,0.500000,0.000000,40.000000,0.000000,0.000000,0.000000
388974821831500,0.000000,0.000000,0.000000,0.000000,0.000000,0.500000,0.000000,126.000000,0.000000,0.000000,0.000000
388974872581750,0.000000,0.000000,0.000000,0.000000,0.000000,0.500000,0.000000,126.000000,0.000000,0.000000,0.000000
388974923632583,0.000000,0.000000,0.000000,0.000000,0.000000,0.500000,0.000000,150.000000,0.000000,0.000000,0.000000
388974974676250,0.000000,0.000000,0.000000,0.000000,0.000000,0.500000,0.000000,150.000000,0.000000,0.000000,0.000000
388975025123625,0.000000,0.000000,0.000000,0.000000,0.000000,0.500000,0.000000,168.000000,0.000000,0.000000,0.000000
388975075536125,0.000000,0.000000,0.000000,0.000000,0.000000,0.500000,0.000000,168.000000,0.000000,0.000000,0.000000
388975126575291,0.000000,0.000000,0.000000,0.000000,0.000000,0.500000,0.000000,168.000000,0.000000,0.000000,0.000000
388975177782500,0.000000,0.000000,0.000000,0.000000,0.000000,0.500000,0.000000,152.000000,0.000000,0.000000,0.000000
388975228817458,0.000000,0.000000,0.000000,0.000000,0.000000,0.500000,0.000000,144.000000,0.000000,0.000000,0.000000
388975279796791,0.000000,0.000000,0.000000,0.000000,0.000000,0.500000,0.000000,144.000000,0.000000,0.000000,0.000000
388975330248291,0.000000,0.000000,0.000000,0.000000,0.000000,0.500000,0.000000,64.000000,0.000000,0.000000,0.000000
388975381310375,0.000000,0.000000,0.000000,0.000000,0.000000,0.500000,0.000000,64.000000,0.000000,0.000000,0.000000
388975432362833,0.000000,0.000000,0.000000,0.000000,0.000000,0.500000,0.000000,62.000000,0.000000,0.000000,0.000000
388975483415375,0.000000,0.000000,0.000000,0.000000,0.000000,0.500000,0.000000,62.000000,0.000000,0.000000,0.000000
388975534453333,0.000000,0.000000,0.000000,0.000000,0.000000,0.500000,0.000000,50.000000,0.000000,0.000000,0.000000
388975585494000,0.000000,0.000000,0.000000,0.000000,0.000000,0.500000,0.000000,54.000000,0.000000,0.000000,0.000000
388975636541958,0.000000,0.000000,0.000000,0.000000,0.000000,0.500000,0.000000,108.000000,0.000000,0.000000,0.000000
388975687580041,0.000000,0.000000,0.000000,0.000000,0.000000,0.500000,0.000000,110.000000,0.000000,0.000000,0.000000
388975738628750,0.000000,0.000000,0.000000,0.000000,0.000000,0.500000,0.000000,110.000000,0.000000,0.000000,0.000000
388975788685500,0.000000,0.000000,0.000000,0.000000,0.000000,0.500000,0.000000,110.000000,0.000000,0.000000,0.000000
388975839161458,0.000000,0.000000,0.000000,0.000000,0.000000,0.500000,0.000000,92.000000,0.000000,0.000000,0.000000
388975890215166,0.000000,0.000000,0.000000,0.000000,0.000000,0.500000,0.000000,70.000000,0.000000,0.000000,0.000000
388975941248333,0.000000,0.000000,0.000000,0.000000,0.000000,0.500000,0.000000,70.000000,0.000000,0.000000,0.000000
388975991481250,0.000000,0.000000,0.000000,0.000000,0.000000,0.500000,0.000000,64.000000,0.000000,0.000000,0.000000
388976042510250,0.000000,0.000000,0.000000,0.000000,0.000000,0.500000,0.000000,64.000000,0.000000,0.000000,0.000000
388976092662416,0.000000,0.000000,0.000000,0.000000,0.000000,0.500000,0.000000,42.000000,0.000000,0.000000,0.000000
388976142949666,0.000000,0.000000,0.000000,0.000000,0.000000,0.500000,0.000000,44.000000,0.000000,0.000000,0.000000
388976193554666,0.000000,0.000000,0.000000,0.000000,0.000000,0.500000,0.000000,44.000000,0.000000,0.000000,0.000000
388976244605916,0.000000,0.000000,0.000000,0.000000,0.000000,0.500000,0.000000,44.000000,0.000000,0.000000,0.000000
388976295438708,0.000000,0.000000,0.000000,0.000000,0.000000,0.500000,0.000000,46.000000,0.000000,0.000000,0.000000
388976346501833,0.000000,0.000000,0.000000,0.000000,0.000000,0.500000,0.000000,44.000000,0.000000,0.000000,0.000000
388976397000583,0.000000,0.000000,0.000000,0.000000,0.000000,0.500000,0.000000,44.000000,0.000000,0.000000,0.000000
388976448046375,0.000000,0.000000,0.000000,0.000000,0.000000,0.500000,0.000000,74.000000,0.000000,0.000000,0.000000
388976498920750,0.000000,0.000000,0.000000,0.000000,0.000000,0.500000,0.000000,76.000000,0.000000,0.000000,0.000000
388976549998666,0.000000,0.000000,0.000000,0.000000,0.000000,0.500000,0.000000,76.000000,0.000000,0.000000,0.000000
388976601087958,0.000000,0.000000,0.000000,0.000000,0.000000,0.500000,0.000000,76.000000,0.000000,0.000000,0.000000
388976652117541,0.000000,0.000000,0.000000,0.000000,0.000000,0.500000,0.000000,38.000000,0.000000,0.000000,0.000000
388976703163750,0.000000,0.000000,0.000000,0.000000,0.000000,0.500000,0.000000,36.000000,0.000000,0.000000,0.000000
388976754206791,0.000000,0.000000,0.000000,0.000000,0.000000,0.500000,0.000000,252.000000,0.000000,0.000000,0.000000
388976805108875,0.000000,0.000000,0.000000,0.000000,0.000000,0.500000,0.000000,250.000000,0.000000,0.000000,0.000000
388976856154333,0.000000,0.000000,0.000000,0.000000,0.000000,0.500000,0.000000,250.000000,0.000000,0.000000,0.000000
388976907205583,0.000000,0.000000,0.000000,0.000000,0.000000,0.500000,0.000000,232.000000,0.000000,0.000000,0.000000
388976957459083,0.000000,0.000000,0.000000,0.000000,0.000000,0.500000,0.000000,304.000000,0.000000,0.000000,0.000000
388977008234500,0.000000,0.000000,0.000000,0.000000,0.000000,0.500000,0.000000,302.000000,0.000000,0.000000,0.000000
388977059272666,0.000000,0.000000,0.000000,0.000000,0.000000,0.500000,0.000000,304.000000,0.000000,0.000000,0.000000
388977110310625,0.000000,0.000000,0.000000,0.000000,0.000000,0.500000,0.000000,306.000000,0.000000,0.000000,0.000000
388977161359375,0.000000,0.000000,0.000000,0.000000,0.000000,0.500000,0.000000,306.000000,0.000000,0.000000,0.000000
388977212420000,0.000000,0.000000,0.000000,0.000000,0.000000,0.500000,0.000000,304.000000,0.000000,0.000000,0.000000
388977263491375,0.000000,0.000000,0.000000,0.000000,0.000000,0.500000,0.000000,90.000000,0.000000,0.000000,0.000000
388977314156791,0.000000,0.000000,0.000000,0.000000,0.000000,0.500000,0.000000,92.000000,0.000000,0.000000,0.000000
388977365226416,0.000000,0.000000,0.000000,0.000000,0.000000,0.500000,0.000000,90.000000,0.000000,0.000000,0.000000
388977416211416,0.000000,0.000000,0.000000,0.000000,0.000000,0.500000,0.000000,78.000000,0.000000,0.000000,0.000000
388977467259375,0.000000,0.000000,0.000000,0.000000,0.000000,0.500000,0.000000,14.000000,0.000000,0.000000,0.000000
388977518318916,0.000000,0.000000,0.000000,0.000000,0.000000,0.500000,0.000000,14.000000,0.000000,0.000000,0.000000
388977569366083,0.000000,0.000000,0.000000,0.000000,0.000000,0.500000,0.000000,10.000000,0.000000,0.000000,0.000000
388977620397750,0.000000,0.000000,0.000000,0.000000,0.000000,0.500000,0.000000,10.000000,0.000000,0.000000,0.000000
388977671438583,0.000000,0.000000,0.000000,0.000000,0.000000,0.500000,0.000000,44.000000,0.000000,0.000000,0.000000
388977722508708,0.000000,0.000000,0.000000,0.000000,0.000000,0.500000,0.000000,64.000000,0.000000,0.000000,0.000000
388977772580291,0.000000,0.000000,0.000000,0.000000,0.000000,0.500000,0.000000,76.000000,0.000000,0.000000,0.000000
388977823647958,0.000000,0.000000,0.000000,0.000000,0.000000,0.500000,0.000000,76.000000,0.000000,0.000000,0.000000
388977874692166,0.000000,0.000000,0.000000,0.000000,0.000000,0.500000,0.000000,78.000000,0.000000,0.000000,0.000000
388977925726250,0.000000,0.000000,0.000000,0.000000,0.000000,0.500000,0.000000,72.000000,0.000000,0.000000,0.000000
388977976761791,0.000000,0.000000,0.000000,0.000000,0.000000,0.500000,0.000000,70.000000,0.000000,0.000000,0.000000
388978027796458,0.000000,0.000000,0.000000,0.000000,0.000000,0.500000,0.000000,74.000000,0.000000,0.000000,0.000000
388978078828541,0.000000,0.000000,0.000000,0.000000,0.000000,0.500000,0.000000,84.000000,0.000000,0.000000,0.000000
388978129856250,0.000000,0.000000,0.000000,0.000000,0.000000,0.500000,0.000000,84.000000,0.000000,0.000000,0.000000
388978180882625,0.000000,0.000000,0.000000,0.000000,0.000000,0.500000,0.000000,50.000000,0.000000,0.000000,0.000000
388978231909000,0.000000,0.000000,0.000000,0.000000,0.000000,0.500000,0.000000,30.000000,0.000000,0.000000,0.000000
388978282972000,0.000000,0.000000,0.000000,0.000000,0.000000,0.500000,0.000000,16.000000,0.000000,0.000000,0.000000
388978334030208,0.000000,0.000000,0.000000,0.000000,0.000000,0.500000,0.000000,22.000000,0.000000,0.000000,0.000000
388978385091041,0.000000,0.000000,0.000000,0.000000,0.000000,0.500000,0.000000,20.000000,0.000000,0.000000,0.000000
388978436152458,0.000000,0.000000,0.000000,0.000000,0.000000,0.500000,0.000000,20.000000,0.000000,0.000000,0.000000
388978487201791,0.000000,0.000000,0.000000,0.000000,0.000000,0.500000,0.000000,16.000000,0.000000,0.000000,0.000000
388978538246791,0.000000,0.000000,0.000000,0.000000,0.000000,0.500000,0.000000,26.000000,0.000000,0.000000,0.000000
388978588297875,0.000000,0.000000,0.000000,0.000000,0.000000,0.500000,0.000000,32.000000,0.000000,0.000000,0.000000
388978639112666,0.000000,0.000000,0.000000,0.000000,0.000000,0.500000,0.000000,34.000000,0.000000,0.000000,0.000000
388978689250375,0.000000,0.000000,0.000000,0.000000,0.000000,0.500000,0.000000,34.000000,0.000000,0.000000,0.000000
388978740302791,0.000000,0.000000,0.000000,0.000000,0.000000,0.500000,0.000000,34.000000,0.000000,0.000000,0.000000
388978790741833,0.000000,0.000000,0.000000,0.000000,0.000000,0.500000,0.000000,32.000000,0.000000,0.000000,0.000000
388978841779166,0.000000,0.000000,0.000000,0.000000,0.000000,0.500000,0.000000,28.000000,0.000000,0.000000,0.000000
388978892066625,0.000000,0.000000,0.000000,0.000000,0.000000,0.500000,0.000000,28.000000,0.000000,0.000000,0.000000
388978943104208,0.000000,0.000000,0.000000,0.000000,0.000000,0.500000,0.000000,28.000000,0.000000,0.000000,0.000000
388978993649291,0.000000,0.000000,0.000000,0.000000,0.000000,0.500000,0.000000,28.000000,0.000000,0.000000,0.000000
388979044696208,0.000000,0.000000,0.000000,0.000000,0.000000,0.500000,0.000000,16.000000,0.000000,0.000000,0.000000
388979095511166,0.000000,0.000000,0.000000,0.000000,0.000000,0.500000,0.000000,6.000000,0.000000,0.000000,0.000000
388979146575166,0.000000,0.000000,0.000000,0.000000,0.000000,0.500000,0.000000,4.000000,0.000000,0.000000,0.000000
388979197359291,0.000000,0.000000,0.000000,0.000000,0.000000,0.500000,0.000000,4.000000,0.000000,0.000000,0.000000
388979248406416,0.000000,0.000000,0.000000,0.000000,0.000000,0.500000,0.000000,4.000000,0.000000,0.000000,0.000000
388979299151458,0.000000,0.000000,0.000000,0.000000,0.000000,0.500000,0.000000,4.000000,0.000000,0.000000,0.000000
388979350104208,0.000000,0.000000,0.000000,0.000000,0.000000,0.500000,0.000000,4.000000,0.000000,0.000000,0.000000
388979400943083,0.000000,0.000000,0.000000,0.000000,0.000000,0.500000,0.000000,4.000000,0.000000,0.000000,0.000000
388979451699000,0.000000,0.000000,0.000000,0.000000,0.000000,0.500000,0.000000,24.000000,0.000000,0.000000,0.000000
388979502882500,0.000000,0.000000,0.000000,0.000000,0.000000,0.500000,0.000000,24.000000,0.000000,0.000000,0.000000
388979553941541,0.000000,0.000000,0.000000,0.000000,0.000000,0.500000,0.000000,24.000000,0.000000,0.000000,0.000000
388979604990000,0.000000,0.000000,0.000000,0.000000,0.000000,0.500000,0.000000,20.000000,0.000000,0.000000,0.000000
388979655966041,0.000000,0.000000,0.000000,0.000000,0.000000,0.500000,0.000000,20.000000,0.000000,0.000000,0.000000
388979707017291,0.000000,0.000000,0.000000,0.000000,0.000000,0.500000,0.000000,20.000000,0.000000,0.000000,0.000000
388979758065750,0.000000,0.000000,0.000000,0.000000,0.000000,0.500000,0.000000,20.000000,0.000000,0.000000,0.000000
388979809103166,0.000000,0.000000,0.000000,0.000000,0.000000,0.500000,0.000000,20.000000,0.000000,0.000000,0.000000
388979859563333,0.000000,0.000000,0.000000,0.000000,0.000000,0.500000,0.000000,20.000000,0.000000,0.000000,0.000000
388979910590416,0.000000,0.000000,0.000000,0.000000,0.000000,0.500000,0.000000,50.000000,0.000000,0.000000,0.000000
388979961615166,0.000000,0.000000,0.000000,0.000000,0.000000,0.500000,0.000000,44.000000,0.000000,0.000000,0.000000
388980012648583,0.000000,0.000000,0.000000,0.000000,0.000000,0.500000,0.000000,70.000000,0.000000,0.000000,0.000000
388980063692875,0.000000,0.000000,0.000000,0.000000,0.000000,0.500000,0.000000,80.000000,0.000000,0.000000,0.000000
388980114749333,0.000000,0.000000,0.000000,0.000000,0.000000,0.500000,0.000000,80.000000,0.000000,0.000000,0.000000
388980165810291,0.000000,0.000000,0.000000,0.000000,0.000000,0.500000,0.000000,80.000000,0.000000,0.000000,0.000000
388980215931041,0.000000,0.000000,0.000000,0.000000,0.000000,0.500000,0.000000,82.000000,0.000000,0.000000,0.000000
388980266237250,0.000000,0.000000,0.000000,0.000000,0.000000,0.500000,0.000000,82.000000,0.000000,0.000000,0.000000
388980316551666,0.000000,0.000000,0.000000,0.000000,0.000000,0.500000,0.000000,82.000000,0.000000,0.000000,0.000000
388980367669208,0.000000,0.000000,0.000000,0.000000,0.000000,0.500000,0.000000,72.000000,0.000000,0.000000,0.000000
388980418025625,0.000000,0.000000,0.000000,0.000000,0.000000,0.500000,0.000000,74.000000,0.000000,0.000000,0.000000
388980469093333,0.000000,0.000000,0.000000,0.000000,0.000000,0.500000,0.000000,44.000000,0.000000,0.000000,0.000000
388980520151333,0.000000,0.000000,0.000000,0.000000,0.000000,0.500000,0.000000,66.000000,0.000000,0.000000,0.000000
388980571220833,0.000000,0.000000,0.000000,0.000000,0.000000,0.500000,0.000000,56.000000,0.000000,0.000000,0.000000
388980622284625,0.000000,0.000000,0.000000,0.000000,0.000000,0.500000,0.000000,56.000000,0.000000,0.000000,0.000000
388980672860250,0.000000,0.000000,0.000000,0.000000,0.000000,0.500000,0.000000,64.000000,0.000000,0.000000,0.000000
388980723272708,0.000000,0.000000,0.000000,0.000000,0.000000,0.500000,0.000000,138.000000,0.000000,0.000000,0.000000
388980774312750,0.000000,0.000000,0.000000,0.000000,0.000000,0.500000,0.000000,140.000000,0.000000,0.000000,0.000000
388980824933708,0.000000,0.000000,0.000000,0.000000,0.000000,0.500000,0.000000,142.000000,0.000000,0.000000,0.000000
388980876094500,0.000000,0.000000,0.000000,0.000000,0.000000,0.500000,0.000000,128.000000,0.000000,0.000000,0.000000
388980927139583,0.000000,0.000000,0.000000,0.000000,0.000000,0.500000,0.000000,124.000000,0.000000,0.000000,0.000000
388980978181416,0.000000,0.000000,0.000000,0.000000,0.000000,0.500000,0.000000,126.000000,0.000000,0.000000,0.000000
388981028746500,0.000000,0.000000,0.000000,0.000000,0.000000,0.500000,0.000000,124.000000,0.000000,0.000000,0.000000
388981078819791,0.000000,0.000000,0.000000,0.000000,0.000000,0.500000,0.000000,164.000000,0.000000,0.000000,0.000000
388981129799541,0.000000,0.000000,0.000000,0.000000,0.000000,0.500000,0.000000,168.000000,0.000000,0.000000,0.000000
388981180379625,0.000000,0.000000,0.000000,0.000000,0.000000,0.500000,0.000000,182.000000,0.000000,0.000000,0.000000
388981231422666,0.000000,0.000000,0.000000,0.000000,0.000000,0.500000,0.000000,108.000000,0.000000,0.000000,0.000000
388981282485666,0.000000,0.000000,0.000000,0.000000,0.000000,0.500000,0.000000,106.000000,0.000000,0.000000,0.000000
388981333538666,0.000000,0.000000,0.000000,0.000000,0.000000,0.500000,0.000000,136.000000,0.000000,0.000000,0.000000
388981384605458,0.000000,0.000000,0.000000,0.000000,0.000000,0.500000,0.000000,132.000000,0.000000,0.000000,0.000000
388981435654541,0.000000,0.000000,0.000000,0.000000,0.000000,0.500000,0.000000,132.000000,0.000000,0.000000,0.000000
388981486714625,0.000000,0.000000,0.000000,0.000000,0.000000,0.500000,0.000000,132.000000,0.000000,0.000000,0.000000
388981537777500,0.000000,0.000000,0.000000,0.000000,0.000000,0.500000,0.000000,96.000000,0.000000,0.000000,0.000000
388981588379750,0.000000,0.000000,0.000000,0.000000,0.000000,0.500000,0.000000,62.000000,0.000000,0.000000,0.000000
388981639156333,0.000000,0.000000,0.000000,0.000000,0.000000,0.500000,0.000000,62.000000,0.000000,0.000000,0.000000
388981689438250,0.000000,0.000000,0.000000,0.000000,0.000000,0.500000,0.000000,38.000000,0.000000,0.000000,0.000000
388981740475708,0.000000,0.000000,0.000000,0.000000,0.000000,0.500000,0.000000,40.000000,0.000000,0.000000,0.000000
388981790945458,0.000000,0.000000,0.000000,0.000000,0.000000,0.500000,0.000000,42.000000,0.000000,0.000000,0.000000
388981842848208,0.000000,0.000000,0.000000,0.000000,0.000000,0.500000,0.000000,10.000000,0.000000,0.000000,0.000000
388981893421416,0.000000,0.000000,0.000000,0.000000,0.000000,0.500000,0.000000,10.000000,0.000000,0.000000,0.000000
388981944449958,0.000000,0.000000,0.000000,0.000000,0.000000,0.500000,0.000000,10.000000,0.000000,0.000000,0.000000
388981995020958,0.000000,0.000000,0.000000,0.000000,0.000000,0.500000,0.000000,8.000000,0.000000,0.000000,0.000000
388982046072458,0.000000,0.000000,0.000000,0.000000,0.000000,0.500000,0.000000,8.000000,0.000000,0.000000,0.000000
388982096815958,0.000000,0.000000,0.000000,0.000000,0.000000,0.500000,0.000000,8.000000,0.000000,0.000000,0.000000
388982147084541,0.000000,0.000000,0.000000,0.000000,0.000000,0.500000,0.000000,8.000000,0.000000,0.000000,0.000000
388982197134333,0.000000,0.000000,0.000000,0.000000,0.000000,0.500000,0.000000,8.000000,0.000000,0.000000,0.000000
388982248176750,0.000000,0.000000,0.000000,0.000000,0.000000,0.500000,0.000000,6.000000,0.000000,0.000000,0.000000
388982298869833,0.000000,0.000000,0.000000,0.000000,0.000000,0.500000,0.000000,6.000000,0.000000,0.000000,0.000000
388982349931916,0.000000,0.000000,0.000000,0.000000,0.000000,0.500000,0.000000,8.000000,0.000000,0.000000,0.000000
388982400092125,0.000000,0.000000,0.000000,0.000000,0.000000,0.500000,0.000000,38.000000,0.000000,0.000000,0.000000
388982451157583,0.000000,0.000000,0.000000,0.000000,0.000000,0.500000,0.000000,38.000000,0.000000,0.000000,0.000000
388982502202625,0.000000,0.000000,0.000000,0.000000,0.000000,0.500000,0.000000,40.000000,0.000000,0.000000,0.000000
388982553245500,0.000000,0.000000,0.000000,0.000000,0.000000,0.500000,0.000000,38.000000,0.000000,0.000000,0.000000
388982604290666,0.000000,0.000000,0.000000,0.000000,0.000000,0.500000,0.000000,38.000000,0.000000,0.000000,0.000000
388982655339875,0.000000,0.000000,0.000000,0.000000,0.000000,0.500000,0.000000,42.000000,0.000000,0.000000,0.000000
388982705899666,0.000000,0.000000,0.000000,0.000000,0.000000,0.500000,0.000000,194.000000,0.000000,0.000000,0.000000
388982757044750,0.000000,0.000000,0.000000,0.000000,0.000000,0.500000,0.000000,194.000000,0.000000,0.000000,0.000000
388982807763958,0.000000,0.000000,0.000000,0.000000,0.000000,0.500000,0.000000,192.000000,0.000000,0.000000,0.000000
388982858819666,0.000000,0.000000,0.000000,0.000000,0.000000,0.500000,0.000000,194.000000,0.000000,0.000000,0.000000
388982909861708,0.000000,0.000000,0.000000,0.000000,0.000000,0.500000,0.000000,224.000000,0.000000,0.000000,0.000000
388982960916416,0.000000,0.000000,0.000000,0.000000,0.000000,0.500000,0.000000,224.000000,0.000000,0.000000,0.000000
388983011995333,0.000000,0.000000,0.000000,0.000000,0.000000,0.500000,0.000000,222.000000,0.000000,0.000000,0.000000
388983063046916,0.000000,0.000000,0.000000,0.000000,0.000000,0.500000,0.000000,224.000000,0.000000,0.000000,0.000000
388983114099125,0.000000,0.000000,0.000000,0.000000,0.000000,0.500000,0.000000,230.000000,0.000000,0.000000,0.000000
388983165158750,0.000000,0.000000,0.000000,0.000000,0.000000,0.500000,0.000000,228.000000,0.000000,0.000000,0.000000
388983216205458,0.000000,0.000000,0.000000,0.000000,0.000000,0.500000,0.000000,78.000000,0.000000,0.000000,0.000000
388983266536708,0.000000,0.000000,0.000000,0.000000,0.000000,0.500000,0.000000,78.000000,0.000000,0.000000,0.000000
388983317581833,0.000000,0.000000,0.000000,0.000000,0.000000,0.500000,0.000000,78.000000,0.000000,0.000000,0.000000
388983368644875,0.000000,0.000000,0.000000,0.000000,0.000000,0.500000,0.000000,74.000000,0.000000,0.000000,0.000000
388983419700125,0.000000,0.000000,0.000000,0.000000,0.000000,0.500000,0.000000,16.000000,0.000000,0.000000,0.000000
388983470769125,0.000000,0.000000,0.000000,0.000000,0.000000,0.500000,0.000000,16.000000,0.000000,0.000000,0.000000
388983521841458,0.000000,0.000000,0.000000,0.000000,0.000000,0.500000,0.000000,16.000000,0.000000,0.000000,0.000000
388983572003458,0.000000,0.000000,0.000000,0.000000,0.000000,0.500000,0.000000,6.000000,0.000000,0.000000,0.000000
388983622452833,0.000000,0.000000,0.000000,0.000000,0.000000,0.500000,0.000000,10.000000,0.000000,0.000000,0.000000
388983672613791,0.000000,0.000000,0.000000,0.000000,0.000000,0.500000,0.000000,10.000000,0.000000,0.000000,0.000000
388983723654208,0.000000,0.000000,0.000000,0.000000,0.000000,0.500000,0.000000,8.000000,0.000000,0.000000,0.000000
388983774693291,0.000000,0.000000,0.000000,0.000000,0.000000,0.500000,0.000000,8.000000,0.000000,0.000000,0.000000
388983826142500,0.000000,0.000000,0.000000,0.000000,0.000000,0.500000,0.000000,8.000000,0.000000,0.000000,0.000000
388983877187916,0.000000,0.000000,0.000000,0.000000,0.000000,0.500000,0.000000,8.000000,0.000000,0.000000,0.000000
388983928025958,0.000000,0.000000,0.000000,0.000000,0.000000,0.500000,0.000000,8.000000,0.000000,0.000000,0.000000
388983979056916,0.000000,0.000000,0.000000,0.000000,0.000000,0.500000,0.000000,8.000000,0.000000,0.000000,0.000000
388984030101208,0.000000,0.000000,0.000000,0.000000,0.000000,0.500000,0.000000,8.000000,0.000000,0.000000,0.000000
388984081163208,0.000000,0.000000,0.000000,0.000000,0.000000,0.500000,0.000000,16.000000,0.000000,0.000000,0.000000
388984132221541,0.000000,0.000000,0.000000,0.000000,0.000000,0.500000,0.000000,14.000000,0.000000,0.000000,0.000000
388984183277000,0.000000,0.000000,0.000000,0.000000,0.000000,0.500000,0.000000,14.000000,0.000000,0.000000,0.000000
388984234338291,0.000000,0.000000,0.000000,0.000000,0.000000,0.500000,0.000000,14.000000,0.000000,0.000000,0.000000
388984285394416,0.000000,0.000000,0.000000,0.000000,0.000000,0.500000,0.000000,14.000000,0.000000,0.000000,0.000000
388984336442958,0.000000,0.000000,0.000000,0.000000,0.000000,0.500000,0.000000,18.000000,0.000000,0.000000,0.000000
388984387216041,0.000000,0.000000,0.000000,0.000000,0.000000,0.500000,0.000000,18.000000,0.000000,0.000000,0.000000
388984438268333,0.000000,0.000000,0.000000,0.000000,0.000000,0.500000,0.000000,20.000000,0.000000,0.000000,0.000000
388984489096125,0.000000,0.000000,0.000000,0.000000,0.000000,0.500000,0.000000,20.000000,0.000000,0.000000,0.000000
388984540140375,0.000000,0.000000,0.000000,0.000000,0.000000,0.500000,0.000000,20.000000,0.000000,0.000000,0.000000
388984590280083,0.000000,0.000000,0.000000,0.000000,0.000000,0.500000,0.000000,42.000000,0.000000,0.000000,0.000000
388984641316458,0.000000,0.000000,0.000000,0.000000,0.000000,0.500000,0.000000,66.000000,0.000000,0.000000,0.000000
388984692359583,0.000000,0.000000,0.000000,0.000000,0.000000,0.500000,0.000000,74.000000,0.000000,0.000000,0.000000
388984743388875,0.000000,0.000000,0.000000,0.000000,0.000000,0.500000,0.000000,74.000000,0.000000,0.000000,0.000000
388984793647291,0.000000,0.000000,0.000000,0.000000,0.000000,0.500000,0.000000,74.000000,0.000000,0.000000,0.000000
388984844686833,0.000000,0.000000,0.000000,0.000000,0.000000,0.500000,0.000000,70.000000,0.000000,0.000000,0.000000
388984895381375,0.000000,0.000000,0.000000,0.000000,0.000000,0.500000,0.000000,64.000000,0.000000,0.000000,0.000000
388984946451625,0.000000,0.000000,0.000000,0.000000,0.000000,0.500000,0.000000,64.000000,0.000000,0.000000,0.000000
388984997348375,0.000000,0.000000,0.000000,0.000000,0.000000,0.500000,0.000000,64.000000,0.000000,0.000000,0.000000
388985048374250,0.000000,0.000000,0.000000,0.000000,0.000000,0.500000,0.000000,66.000000,0.000000,0.000000,0.000000
388985099414375,0.000000,0.000000,0.000000,0.000000,0.000000,0.500000,0.000000,36.000000,0.000000,0.000000,0.000000
388985149941958,0.000000,0.000000,0.000000,0.000000,0.000000,0.500000,0.000000,4.000000,0.000000,0.000000,0.000000
388985201003875,0.000000,0.000000,0.000000,0.000000,0.000000,0.500000,0.000000,4.000000,0.000000,0.000000,0.000000
388985252043333,0.000000,0.000000,0.000000,0.000000,0.000000,0.500000,0.000000,8.000000,0.000000,0.000000,0.000000
388985303083541,0.000000,0.000000,0.000000,0.000000,0.000000,0.500000,0.000000,10.000000,0.000000,0.000000,0.000000
388985354149166,0.000000,0.000000,0.000000,0.000000,0.000000,0.500000,0.000000,10.000000,0.000000,0.000000,0.000000
388985404905666,0.000000,0.000000,0.000000,0.000000,0.000000,0.500000,0.000000,10.000000,0.000000,0.000000,0.000000
388985455989541,0.000000,0.000000,0.000000,0.000000,0.000000,0.500000,0.000000,12.000000,0.000000,0.000000,0.000000
388985506317250,0.000000,0.000000,0.000000,0.000000,0.000000,0.500000,0.000000,12.000000,0.000000,0.000000,0.000000
388985557422500,0.000000,0.000000,0.000000,0.000000,0.000000,0.500000,0.000000,10.000000,0.000000,0.000000,0.000000
388985608452250,0.000000,0.000000,0.000000,0.000000,0.000000,0.500000,0.000000,12.000000,0.000000,0.000000,0.000000
388985659483958,0.000000,0.000000,0.000000,0.000000,0.000000,0.500000,0.000000,10.000000,0.000000,0.000000,0.000000
388985710520708,0.000000,0.000000,0.000000,0.000000,0.000000,0.500000,0.000000,10.000000,0.000000,0.000000,0.000000
388985761112291,0.000000,0.000000,0.000000,0.000000,0.000000,0.500000,0.000000,28.000000,0.000000,0.000000,0.000000
388985812165000,0.000000,0.000000,0.000000,0.000000,0.000000,0.500000,0.000000,26.000000,0.000000,0.000000,0.000000
388985863234833,0.000000,0.000000,0.000000,0.000000,0.000000,0.500000,0.000000,28.000000,0.000000,0.000000,0.000000
388985914282458,0.000000,0.000000,0.000000,0.000000,0.000000,0.500000,0.000000,26.000000,0.000000,0.000000,0.000000
388985965346500,0.000000,0.000000,0.000000,0.000000,0.000000,0.500000,0.000000,26.000000,0.000000,0.000000,0.000000
388986015382208,0.000000,0.000000,0.000000,0.000000,0.000000,0.500000,0.000000,28.000000,0.000000,0.000000,0.000000
388986066442541,0.000000,0.000000,0.000000,0.000000,0.000000,0.500000,0.000000,30.000000,0.000000,0.000000,0.000000
388986116543333,0.000000,0.000000,0.000000,0.000000,0.000000,0.500000,0.000000,58.000000,0.000000,0.000000,0.000000
388986167651166,0.000000,0.000000,0.000000,0.000000,0.000000,0.500000,0.000000,98.000000,0.000000,0.000000,0.000000
388986218709541,0.000000,0.000000,0.000000,0.000000,0.000000,0.500000,0.000000,106.000000,0.000000,0.000000,0.000000
388986269778500,0.000000,0.000000,0.000000,0.000000,0.000000,0.500000,0.000000,86.000000,0.000000,0.000000,0.000000
388986320855291,0.000000,0.000000,0.000000,0.000000,0.000000,0.500000,0.000000,86.000000,0.000000,0.000000,0.000000
388986371911750,0.000000,0.000000,0.000000,0.000000,0.000000,0.500000,0.000000,84.000000,0.000000,0.000000,0.000000
388986422609375,0.000000,0.000000,0.000000,0.000000,0.000000,0.500000,0.000000,92.000000,0.000000,0.000000,0.000000
388986472877916,0.000000,0.000000,0.000000,0.000000,0.000000,0.500000,0.000000,128.000000,0.000000,0.000000,0.000000
388986523947583,0.000000,0.000000,0.000000,0.000000,0.000000,0.500000,0.000000,126.000000,0.000000,0.000000,0.000000
388986574744791,0.000000,0.000000,0.000000,0.000000,0.000000,0.500000,0.000000,128.000000,0.000000,0.000000,0.000000
388986625771375,0.000000,0.000000,0.000000,0.000000,0.000000,0.500000,0.000000,114.000000,0.000000,0.000000,0.000000
388986676052208,0.000000,0.000000,0.000000,0.000000,0.000000,0.500000,0.000000,76.000000,0.000000,0.000000,0.000000
388986727088250,0.000000,0.000000,0.000000,0.000000,0.000000,0.500000,0.000000,76.000000,0.000000,0.000000,0.000000
388986778141375,0.000000,0.000000,0.000000,0.000000,0.000000,0.500000,0.000000,88.000000,0.000000,0.000000,0.000000
388986829191541,0.000000,0.000000,0.000000,0.000000,0.000000,0.500000,0.000000,88.000000,0.000000,0.000000,0.000000
388986879822083,0.000000,0.000000,0.000000,0.000000,0.000000,0.500000,0.000000,88.000000,0.000000,0.000000,0.000000
388986930511041,0.000000,0.000000,0.000000,0.000000,0.000000,0.500000,0.000000,80.000000,0.000000,0.000000,0.000000
388986981581083,0.000000,0.000000,0.000000,0.000000,0.000000,0.500000,0.000000,42.000000,0.000000,0.000000,0.000000
388987032640083,0.000000,0.000000,0.000000,0.000000,0.000000,0.500000,0.000000,44.000000,0.000000,0.000000,0.000000
388987083703250,0.000000,0.000000,0.000000,0.000000,0.000000,0.500000,0.000000,42.000000,0.000000,0.000000,0.000000
388987134166791,0.000000,0.000000,0.000000,0.000000,0.000000,0.500000,0.000000,20.000000,0.000000,0.000000,0.000000
388987185233541,0.000000,0.000000,0.000000,0.000000,0.000000,0.500000,0.000000,18.000000,0.000000,0.000000,0.000000
388987236289583,0.000000,0.000000,0.000000,0.000000,0.000000,0.500000,0.000000,22.000000,0.000000,0.000000,0.000000
388987287346333,0.000000,0.000000,0.000000,0.000000,0.000000,0.500000,0.000000,24.000000,0.000000,0.000000,0.000000
388987338097166,0.000000,0.000000,0.000000,0.000000,0.000000,0.500000,0.000000,24.000000,0.000000,0.000000,0.000000
388987389154750,0.000000,0.000000,0.000000,0.000000,0.000000,0.500000,0.000000,80.000000,0.000000,0.000000,0.000000
388987439303666,0.000000,0.000000,0.000000,0.000000,0.000000,0.500000,0.000000,80.000000,0.000000,0.000000,0.000000
388987490361583,0.000000,0.000000,0.000000,0.000000,0.000000,0.500000,0.000000,80.000000,0.000000,0.000000,0.000000
388987540985750,0.000000,0.000000,0.000000,0.000000,0.000000,0.500000,0.000000,98.000000,0.000000,0.000000,0.000000
388987592035500,0.000000,0.000000,0.000000,0.000000,0.000000,0.500000,0.000000,138.000000,0.000000,0.000000,0.000000
388987643071916,0.000000,0.000000,0.000000,0.000000,0.000000,0.500000,0.000000,172.000000,0.000000,0.000000,0.000000
388987693598291,0.000000,0.000000,0.000000,0.000000,0.000000,0.500000,0.000000,172.000000,0.000000,0.000000,0.000000
388987744629791,0.000000,0.000000,0.000000,0.000000,0.000000,0.500000,0.000000,160.000000,0.000000,0.000000,0.000000
388987795200125,0.000000,0.000000,0.000000,0.000000,0.000000,0.500000,0.000000,154.000000,0.000000,0.000000,0.000000
388987846233791,0.000000,0.000000,0.000000,0.000000,0.000000,0.500000,0.000000,98.000000,0.000000,0.000000,0.000000
388987897012458,0.000000,0.000000,0.000000,0.000000,0.000000,0.500000,0.000000,98.000000,0.000000,0.000000,0.000000
388987948067958,0.000000,0.000000,0.000000,0.000000,0.000000,0.500000,0.000000,98.000000,0.000000,0.000000,0.000000
388987999132625,0.000000,0.000000,0.000000,0.000000,0.000000,0.500000,0.000000,98.000000,0.000000,0.000000,0.000000
388988050201041,0.000000,0.000000,0.000000,0.000000,0.000000,0.500000,0.000000,70.000000,0.000000,0.000000,0.000000
388988101283166,0.000000,0.000000,0.000000,0.000000,0.000000,0.500000,0.000000,38.000000,0.000000,0.000000,0.000000
388988151608375,0.000000,0.000000,0.000000,0.000000,0.000000,0.500000,0.000000,2.000000,0.000000,0.000000,0.000000
388988202634750,0.000000,0.000000,0.000000,0.000000,0.000000,0.500000,0.000000,0.000000,0.000000,0.000000,0.000000
388988253672083,0.000000,0.000000,0.000000,0.000000,0.000000,0.500000,0.000000,0.000000,0.000000,0.000000,0.000000
388988304710250,0.000000,0.000000,0.000000,0.000000,0.000000,0.500000,0.000000,10.000000,0.000000,0.000000,0.000000
388988355787208,0.000000,0.000000,0.000000,0.000000,0.000000,0.500000,0.000000,10.000000,0.000000,0.000000,0.000000
388988405953250,0.000000,0.000000,0.000000,0.000000,0.000000,0.500000,0.000000,10.000000,0.000000,0.000000,0.000000
388988457027875,0.000000,0.000000,0.000000,0.000000,0.000000,0.500000,0.000000,10.000000,0.000000,0.000000,0.000000
388988508074333,0.000000,0.000000,0.000000,0.000000,0.000000,0.500000,0.000000,12.000000,0.000000,0.000000,0.000000
388988559108666,0.000000,0.000000,0.000000,0.000000,0.000000,0.500000,0.000000,14.000000,0.000000,0.000000,0.000000
388988609459916,0.000000,0.000000,0.000000,0.000000,0.000000,0.500000,0.000000,14.000000,0.000000,0.000000,0.000000
388988660499875,0.000000,0.000000,0.000000,0.000000,0.000000,0.500000,0.000000,14.000000,0.000000,0.000000,0.000000
388988710972958,0.000000,0.000000,0.000000,0.000000,0.000000,0.500000,0.000000,14.000000,0.000000,0.000000,0.000000
388988762032500,0.000000,0.000000,0.000000,0.000000,0.000000,0.500000,0.000000,4.000000,0.000000,0.000000,0.000000
388988813094125,0.000000,0.000000,0.000000,0.000000,0.000000,0.500000,0.000000,14.000000,0.000000,0.000000,0.000000
388988864174541,0.000000,0.000000,0.000000,0.000000,0.000000,0.500000,0.000000,16.000000,0.000000,0.000000,0.000000
388988915233625,0.000000,0.000000,0.000000,0.000000,0.000000,0.500000,0.000000,16.000000,0.000000,0.000000,0.000000
388988966083791,0.000000,0.000000,0.000000,0.000000,0.000000,0.500000,0.000000,72.000000,0.000000,0.000000,0.000000
388989017126916,0.000000,0.000000,0.000000,0.000000,0.000000,0.500000,0.000000,72.000000,0.000000,0.000000,0.000000
388989068172666,0.000000,0.000000,0.000000,0.000000,0.000000,0.500000,0.000000,78.000000,0.000000,0.000000,0.000000
388989119235291,0.000000,0.000000,0.000000,0.000000,0.000000,0.500000,0.000000,78.000000,0.000000,0.000000,0.000000
388989170088750,0.000000,0.000000,0.000000,0.000000,0.000000,0.500000,0.000000,82.000000,0.000000,0.000000,0.000000
388989221160416,0.000000,0.000000,0.000000,0.000000,0.000000,0.500000,0.000000,82.000000,0.000000,0.000000,0.000000
388989272220333,0.000000,0.000000,0.000000,0.000000,0.000000,0.500000,0.000000,82.000000,0.000000,0.000000,0.000000
388989323259958,0.000000,0.000000,0.000000,0.000000,0.000000,0.500000,0.000000,70.000000,0.000000,0.000000,0.000000
388989374302625,0.000000,0.000000,0.000000,0.000000,0.000000,0.500000,0.000000,70.000000,0.000000,0.000000,0.000000
388989425328791,0.000000,0.000000,0.000000,0.000000,0.000000,0.500000,0.000000,70.000000,0.000000,0.000000,0.000000
388989476365208,0.000000,0.000000,0.000000,0.000000,0.000000,0.500000,0.000000,26.000000,0.000000,0.000000,0.000000
388989527422458,0.000000,0.000000,0.000000,0.000000,0.000000,0.500000,0.000000,46.000000,0.000000,0.000000,0.000000
388989578466416,0.000000,0.000000,0.000000,0.000000,0.000000,0.500000,0.000000,54.000000,0.000000,0.000000,0.000000
388989629517083,0.000000,0.000000,0.000000,0.000000,0.000000,0.500000,0.000000,54.000000,0.000000,0.000000,0.000000
388989680555958,0.000000,0.000000,0.000000,0.000000,0.000000,0.500000,0.000000,50.000000,0.000000,0.000000,0.000000
388989731601666,0.000000,0.000000,0.000000,0.000000,0.000000,0.500000,0.000000,50.000000,0.000000,0.000000,0.000000
388989782656666,0.000000,0.000000,0.000000,0.000000,0.000000,0.500000,0.000000,50.000000,0.000000,0.000000,0.000000
388989833709875,0.000000,0.000000,0.000000,0.000000,0.000000,0.500000,0.000000,50.000000,0.000000,0.000000,0.000000
388989884767375,0.000000,0.000000,0.000000,0.000000,0.000000,0.500000,0.000000,50.000000,0.000000,0.000000,0.000000
388989934842416,0.000000,0.000000,0.000000,0.000000,0.000000,0.500000,0.000000,44.000000,0.000000,0.000000,0.000000
388989986117291,0.000000,0.000000,0.000000,0.000000,0.000000,0.500000,0.000000,24.000000,0.000000,0.000000,0.000000
388990036372833,0.000000,0.000000,0.000000,0.000000,0.000000,0.500000,0.000000,36.000000,0.000000,0.000000,0.000000
388990087407291,0.000000,0.000000,0.000000,0.000000,0.000000,0.500000,0.000000,32.000000,0.000000,0.000000,0.000000
388990137484416,0.000000,0.000000,0.000000,0.000000,0.000000,0.500000,0.000000,952.000000,0.000000,0.000000,0.000000
388990187605625,0.000000,0.000000,0.000000,0.000000,0.000000,0.500000,0.000000,982.000000,0.000000,0.000000,0.000000
388990238660041,0.000000,0.000000,0.000000,0.000000,0.000000,0.500000,0.000000,982.000000,0.000000,0.000000,0.000000
388990289294000,0.000000,0.000000,0.000000,0.000000,0.000000,0.500000,0.000000,982.000000,0.000000,0.000000,0.000000
388990340437625,0.000000,0.000000,0.000000,0.000000,0.000000,0.500000,0.000000,982.000000,0.000000,0.000000,0.000000
388990390587125,0.000000,0.000000,0.000000,0.000000,0.000000,0.500000,0.000000,982.000000,0.000000,0.000000,0.000000
388990441644541,0.000000,0.000000,0.000000,0.000000,0.000000,0.500000,0.000000,978.000000,0.000000,0.000000,0.000000
388990492631125,0.000000,0.000000,0.000000,0.000000,0.000000,0.500000,0.000000,986.000000,0.000000,0.000000,0.000000
388990543693458,0.000000,0.000000,0.000000,0.000000,0.000000,0.500000,0.000000,960.000000,0.000000,0.000000,0.000000
388990594611583,0.000000,0.000000,0.000000,0.000000,0.000000,0.500000,0.000000,960.000000,0.000000,0.000000,0.000000
388990645238375,0.000000,0.000000,0.000000,0.000000,0.000000,0.500000,0.000000,52.000000,0.000000,0.000000,0.000000
388990695270416,0.000000,0.000000,0.000000,0.000000,0.000000,0.500000,0.000000,22.000000,0.000000,0.000000,0.000000
388990746316916,0.000000,0.000000,0.000000,0.000000,0.000000,0.500000,0.000000,62.000000,0.000000,0.000000,0.000000
388990797272250,0.000000,0.000000,0.000000,0.000000,0.000000,0.500000,0.000000,62.000000,0.000000,0.000000,0.000000
388990848322708,0.000000,0.000000,0.000000,0.000000,0.000000,0.500000,0.000000,62.000000,0.000000,0.000000,0.000000
388990899389791,0.000000,0.000000,0.000000,0.000000,0.000000,0.500000,0.000000,64.000000,0.000000,0.000000,0.000000
388990950434583,0.000000,0.000000,0.000000,0.000000,0.000000,0.500000,0.000000,64.000000,0.000000,0.000000,0.000000
388991001500708,0.000000,0.000000,0.000000,0.000000,0.000000,0.500000,0.000000,54.000000,0.000000,0.000000,0.000000
388991051628333,0.000000,0.000000,0.000000,0.000000,0.000000,0.500000,0.000000,54.000000,0.000000,0.000000,0.000000
388991102686125,0.000000,0.000000,0.000000,0.000000,0.000000,0.500000,0.000000,54.000000,0.000000,0.000000,0.000000
388991153755583,0.000000,0.000000,0.000000,0.000000,0.000000,0.500000,0.000000,44.000000,0.000000,0.000000,0.000000
388991203997250,0.000000,0.000000,0.000000,0.000000,0.000000,0.500000,0.000000,10.000000,0.000000,0.000000,0.000000
388991255069500,0.000000,0.000000,0.000000,0.000000,0.000000,0.500000,0.000000,10.000000,0.000000,0.000000,0.000000
388991305972125,0.000000,0.000000,0.000000,0.000000,0.000000,0.500000,0.000000,12.000000,0.000000,0.000000,0.000000
388991356099333,0.000000,0.000000,0.000000,0.000000,0.000000,0.500000,0.000000,10.000000,0.000000,0.000000,0.000000
388991407149333,0.000000,0.000000,0.000000,0.000000,0.000000,0.500000,0.000000,10.000000,0.000000,0.000000,0.000000
388991458188000,0.000000,0.000000,0.000000,0.000000,0.000000,0.500000,0.000000,10.000000,0.000000,0.000000,0.000000
388991509226875,0.000000,0.000000,0.000000,0.000000,0.000000,0.500000,0.000000,10.000000,0.000000,0.000000,0.000000
388991560270375,0.000000,0.000000,0.000000,0.000000,0.000000,0.500000,0.000000,10.000000,0.000000,0.000000,0.000000
388991610373000,0.000000,0.000000,0.000000,0.000000,0.000000,0.500000,0.000000,10.000000,0.000000,0.000000,0.000000
388991661415125,0.000000,0.000000,0.000000,0.000000,0.000000,0.500000,0.000000,8.000000,0.000000,0.000000,0.000000
388991712451958,0.000000,0.000000,0.000000,0.000000,0.000000,0.500000,0.000000,4.000000,0.000000,0.000000,0.000000
388991763506416,0.000000,0.000000,0.000000,0.000000,0.000000,0.500000,0.000000,2.000000,0.000000,0.000000,0.000000
388991813835583,0.000000,0.000000,0.000000,0.000000,0.000000,0.500000,0.000000,4.000000,0.000000,0.000000,0.000000
388991865023083,0.000000,0.000000,0.000000,0.000000,0.000000,0.500000,0.000000,4.000000,0.000000,0.000000,0.000000
388991915674541,0.000000,0.000000,0.000000,0.000000,0.000000,0.500000,0.000000,16.000000,0.000000,0.000000,0.000000
388991967762666,0.000000,0.000000,0.000000,0.000000,0.000000,0.500000,0.000000,16.000000,0.000000,0.000000,0.000000
388992018792416,0.000000,0.000000,0.000000,0.000000,0.000000,0.500000,0.000000,16.000000,0.000000,0.000000,0.000000
388992069815833,0.000000,0.000000,0.000000,0.000000,0.000000,0.500000,0.000000,18.000000,0.000000,0.000000,0.000000
388992120861333,0.000000,0.000000,0.000000,0.000000,0.000000,0.500000,0.000000,22.000000,0.000000,0.000000,0.000000
388992172011458,0.000000,0.000000,0.000000,0.000000,0.000000,0.500000,0.000000,22.000000,0.000000,0.000000,0.000000
388992222657666,0.000000,0.000000,0.000000,0.000000,0.000000,0.500000,0.000000,20.000000,0.000000,0.000000,0.000000
388992273733958,0.000000,0.000000,0.000000,0.000000,0.000000,0.500000,0.000000,20.000000,0.000000,0.000000,0.000000
388992324266833,0.000000,0.000000,0.000000,0.000000,0.000000,0.500000,0.000000,18.000000,0.000000,0.000000,0.000000
388992375319250,0.000000,0.000000,0.000000,0.000000,0.000000,0.500000,0.000000,6.000000,0.000000,0.000000,0.000000
388992426364458,0.000000,0.000000,0.000000,0.000000,0.000000,0.500000,0.000000,6.000000,0.000000,0.000000,0.000000
388992477412416,0.000000,0.000000,0.000000,0.000000,0.000000,0.500000,0.000000,6.000000,0.000000,0.000000,0.000000
388992528466666,0.000000,0.000000,0.000000,0.000000,0.000000,0.500000,0.000000,6.000000,0.000000,0.000000,0.000000
388992579537166,0.000000,0.000000,0.000000,0.000000,0.000000,0.500000,0.000000,4.000000,0.000000,0.000000,0.000000
388992629981083,0.000000,0.000000,0.000000,0.000000,0.000000,0.500000,0.000000,0.000000,0.000000,0.000000,0.000000
388992681024208,0.000000,0.000000,0.000000,0.000000,0.000000,0.500000,0.000000,0.000000,0.000000,0.000000,0.000000
388992732075625,0.000000,0.000000,0.000000,0.000000,0.000000,0.500000,0.000000,0.000000,0.000000,0.000000,0.000000
388992783129208,0.000000,0.000000,0.000000,0.000000,0.000000,0.500000,0.000000,0.000000,0.000000,0.000000,0.000000
388992834172875,0.000000,0.000000,0.000000,0.000000,0.000000,0.500000,0.000000,8.000000,0.000000,0.000000,0.000000
388992884707875,0.000000,0.000000,0.000000,0.000000,0.000000,0.500000,0.000000,8.000000,0.000000,0.000000,0.000000
388992935761416,0.000000,0.000000,0.000000,0.000000,0.000000,0.500000,0.000000,8.000000,0.000000,0.000000,0.000000
388992986797791,0.000000,0.000000,0.000000,0.000000,0.000000,0.500000,0.000000,8.000000,0.000000,0.000000,0.000000
388993037001833,0.000000,0.000000,0.000000,0.000000,0.000000,0.500000,0.000000,10.000000,0.000000,0.000000,0.000000
388993088047291,0.000000,0.000000,0.000000,0.000000,0.000000,0.500000,0.000000,10.000000,0.000000,0.000000,0.000000
388993139109500,0.000000,0.000000,0.000000,0.000000,0.000000,0.500000,0.000000,10.000000,0.000000,0.000000,0.000000
388993189234250,0.000000,0.000000,0.000000,0.000000,0.000000,0.500000,0.000000,10.000000,0.000000,0.000000,0.000000
388993240378625,0.000000,0.000000,0.000000,0.000000,0.000000,0.500000,0.000000,12.000000,0.000000,0.000000,0.000000
388993290738208,0.000000,0.000000,0.000000,0.000000,0.000000,0.500000,0.000000,8.000000,0.000000,0.000000,0.000000
388993341775916,0.000000,0.000000,0.000000,0.000000,0.000000,0.500000,0.000000,8.000000,0.000000,0.000000,0.000000
388993392100791,0.000000,0.000000,0.000000,0.000000,0.000000,0.500000,0.000000,8.000000,0.000000,0.000000,0.000000
388993443142166,0.000000,0.000000,0.000000,0.000000,0.000000,0.500000,0.000000,22.000000,0.000000,0.000000,0.000000
388993493237458,0.000000,0.000000,0.000000,0.000000,0.000000,0.500000,0.000000,34.000000,0.000000,0.000000,0.000000
388993543557375,0.000000,0.000000,0.000000,0.000000,0.000000,0.500000,0.000000,48.000000,0.000000,0.000000,0.000000
388993593830375,0.000000,0.000000,0.000000,0.000000,0.000000,0.500000,0.000000,48.000000,0.000000,0.000000,0.000000
388993644859916,0.000000,0.000000,0.000000,0.000000,0.000000,0.500000,0.000000,48.000000,0.000000,0.000000,0.000000
388993695467666,0.000000,0.000000,0.000000,0.000000,0.000000,0.500000,0.000000,50.000000,0.000000,0.000000,0.000000
388993746521791,0.000000,0.000000,0.000000,0.000000,0.000000,0.500000,0.000000,48.000000,0.000000,0.000000,0.000000
388993797275750,0.000000,0.000000,0.000000,0.000000,0.000000,0.500000,0.000000,46.000000,0.000000,0.000000,0.000000
388993848295750,0.000000,0.000000,0.000000,0.000000,0.000000,0.500000,0.000000,46.000000,0.000000,0.000000,0.000000
388993899255000,0.000000,0.000000,0.000000,0.000000,0.000000,0.500000,0.000000,46.000000,0.000000,0.000000,0.000000
388993950309916,0.000000,0.000000,0.000000,0.000000,0.000000,0.500000,0.000000,32.000000,0.000000,0.000000,0.000000
388994001364291,0.000000,0.000000,0.000000,0.000000,0.000000,0.500000,0.000000,24.000000,0.000000,0.000000,0.000000
388994052430833,0.000000,0.000000,0.000000,0.000000,0.000000,0.500000,0.000000,8.000000,0.000000,0.000000,0.000000
388994103497083,0.000000,0.000000,0.000000,0.000000,0.000000,0.500000,0.000000,8.000000,0.000000,0.000000,0.000000
388994154435958,0.000000,0.000000,0.000000,0.000000,0.000000,0.500000,0.000000,10.000000,0.000000,0.000000,0.000000
388994205497333,0.000000,0.000000,0.000000,0.000000,0.000000,0.500000,0.000000,8.000000,0.000000,0.000000,0.000000
388994256001458,0.000000,0.000000,0.000000,0.000000,0.000000,0.500000,0.000000,10.000000,0.000000,0.000000,0.000000
388994307029041,0.000000,0.000000,0.000000,0.000000,0.000000,0.500000,0.000000,8.000000,0.000000,0.000000,0.000000
388994358066916,0.000000,0.000000,0.000000,0.000000,0.000000,0.500000,0.000000,8.000000,0.000000,0.000000,0.000000
388994409108125,0.000000,0.000000,0.000000,0.000000,0.000000,0.500000,0.000000,8.000000,0.000000,0.000000,0.000000
388994460146958,0.000000,0.000000,0.000000,0.000000,0.000000,0.500000,0.000000,8.000000,0.000000,0.000000,0.000000
388994511391458,0.000000,0.000000,0.000000,0.000000,0.000000,0.500000,0.000000,4.000000,0.000000,0.000000,0.000000
388994562441541,0.000000,0.000000,0.000000,0.000000,0.000000,0.500000,0.000000,4.000000,0.000000,0.000000,0.000000
388994613481041,0.000000,0.000000,0.000000,0.000000,0.000000,0.500000,0.000000,6.000000,0.000000,0.000000,0.000000
388994664527708,0.000000,0.000000,0.000000,0.000000,0.000000,0.500000,0.000000,4.000000,0.000000,0.000000,0.000000
388994715228833,0.000000,0.000000,0.000000,0.000000,0.000000,0.500000,0.000000,6.000000,0.000000,0.000000,0.000000
388994766253083,0.000000,0.000000,0.000000,0.000000,0.000000,0.500000,0.000000,4.000000,0.000000,0.000000,0.000000
388994817281791,0.000000,0.000000,0.000000,0.000000,0.000000,0.500000,0.000000,4.000000,0.000000,0.000000,0.000000
388994867483291,0.000000,0.000000,0.000000,0.000000,0.000000,0.500000,0.000000,4.000000,0.000000,0.000000,0.000000
